Date,Start (ET),Visitor/Neutral,PTS,Home/Neutral,PTS,,,Attend.,LOG,Arena,Notes
Tue Oct 20 2026,3:00p,Boston Celtics,,Detroit Pistons,,,,,,,
Tue Oct 20 2026,7:00p,Philadelphia 76ers,,New York Knicks,,,,,,,R
Tue Oct 20 2026,9:30p,Oklahoma City Thunder,,San Antonio Spurs,,,,,,,
Wed Oct 21 2026,7:00p,Atlanta Hawks,,Orlando Magic,,,,,,,
Wed Oct 21 2026,7:00p,Milwaukee Bucks,,Washington Wizards,,,,,,,
Wed Oct 21 2026,7:30p,Charlotte Hornets,,Brooklyn Nets,,,,,,,
Wed Oct 21 2026,7:30p,Minnesota Timberwolves,,Miami Heat,,,,,,,
Wed Oct 21 2026,7:30p,Chicago Bulls,,Toronto Raptors,,,,,,,
Wed Oct 21 2026,8:00p,Utah Jazz,,Memphis Grizzlies,,,,,,,
Wed Oct 21 2026,8:00p,Indiana Pacers,,New Orleans Pelicans,,,,,,,
Wed Oct 21 2026,8:30p,Dallas Mavericks,,Houston Rockets,,,,,,,
Wed Oct 21 2026,10:00p,Golden State Warriors,,Los Angeles Lakers,,,,,,,
Wed Oct 21 2026,10:00p,Phoenix Suns,,Portland Trail Blazers,,,,,,,
Wed Oct 21 2026,10:30p,Sacramento Kings,,Los Angeles Clippers,,,,,,,
Thu Oct 22 2026,7:00p,Cleveland Cavaliers,,Philadelphia 76ers,,,,,,,
Thu Oct 22 2026,9:30p,Denver Nuggets,,Oklahoma City Thunder,,,,,,,
Fri Oct 23 2026,7:00p,New York Knicks,,Boston Celtics,,,,,,,
Fri Oct 23 2026,7:00p,Atlanta Hawks,,Charlotte Hornets,,,,,,,
Fri Oct 23 2026,7:00p,Dallas Mavericks,,Indiana Pacers,,,,,,,
Fri Oct 23 2026,7:00p,Minnesota Timberwolves,,Orlando Magic,,,,,,,
Fri Oct 23 2026,7:00p,Toronto Raptors,,Washington Wizards,,,,,,,
Fri Oct 23 2026,8:00p,Detroit Pistons,,Miami Heat,,,,,,,
Fri Oct 23 2026,8:00p,Chicago Bulls,,Milwaukee Bucks,,,,,,,
Fri Oct 23 2026,9:30p,Houston Rockets,,San Antonio Spurs,,,,,,,
Fri Oct 23 2026,9:30p,New Orleans Pelicans,,Utah Jazz,,,,,,,
Fri Oct 23 2026,10:00p,Memphis Grizzlies,,Golden State Warriors,,,,,,,
Fri Oct 23 2026,10:00p,Los Angeles Clippers,,Los Angeles Lakers,,,,,,,
Fri Oct 23 2026,10:00p,Portland Trail Blazers,,Sacramento Kings,,,,,,,
Sat Oct 24 2026,6:00p,Miami Heat,,Charlotte Hornets,,,,,,,
Sat Oct 24 2026,7:30p,Brooklyn Nets,,Cleveland Cavaliers,,,,,,,
Sat Oct 24 2026,7:30p,Milwaukee Bucks,,Philadelphia 76ers,,,,,,,
Sat Oct 24 2026,8:00p,Houston Rockets,,Atlanta Hawks,,,,,,,
Sat Oct 24 2026,8:00p,Washington Wizards,,Chicago Bulls,,,,,,,
Sat Oct 24 2026,8:00p,San Antonio Spurs,,Dallas Mavericks,,,,,,,
Sat Oct 24 2026,9:00p,New Orleans Pelicans,,Denver Nuggets,,,,,,,
Sat Oct 24 2026,10:00p,Golden State Warriors,,Phoenix Suns,,,,,,,
Sun Oct 25 2026,5:00p,Los Angeles Lakers,,Utah Jazz,,,,,,,
Sun Oct 25 2026,6:00p,Indiana Pacers,,Brooklyn Nets,,,,,,,
Sun Oct 25 2026,7:00p,Orlando Magic,,New York Knicks,,,,,,,
Sun Oct 25 2026,7:00p,Toronto Raptors,,Minnesota Timberwolves,,,,,,,
Sun Oct 25 2026,7:00p,Los Angeles Clippers,,Oklahoma City Thunder,,,,,,,
Sun Oct 25 2026,7:30p,Detroit Pistons,,Philadelphia 76ers,,,,,,,
Sun Oct 25 2026,9:00p,Memphis Grizzlies,,Sacramento Kings,,,,,,,
Mon Oct 26 2026,7:00p,Washington Wizards,,Charlotte Hornets,,,,,,,
Mon Oct 26 2026,7:00p,Minnesota Timberwolves,,Cleveland Cavaliers,,,,,,,
Mon Oct 26 2026,7:30p,Chicago Bulls,,Boston Celtics,,,,,,,
Mon Oct 26 2026,7:30p,Dallas Mavericks,,Miami Heat,,,,,,,
Mon Oct 26 2026,8:00p,Indiana Pacers,,Milwaukee Bucks,,,,,,,
Mon Oct 26 2026,8:00p,Phoenix Suns,,Oklahoma City Thunder,,,,,,,
Mon Oct 26 2026,8:30p,Atlanta Hawks,,Houston Rockets,,,,,,,
Mon Oct 26 2026,9:00p,Memphis Grizzlies,,Utah Jazz,,,,,,,
Mon Oct 26 2026,10:00p,Golden State Warriors,,Denver Nuggets,,,,,,,
Tue Oct 27 2026,7:30p,Brooklyn Nets,,Boston Celtics,,,,,,,
Tue Oct 27 2026,8:00p,Detroit Pistons,,New York Knicks,,,,,,,
Tue Oct 27 2026,8:00p,Sacramento Kings,,San Antonio Spurs,,,,,,,
Tue Oct 27 2026,11:00p,Portland Trail Blazers,,Los Angeles Lakers,,,,,,,
Wed Oct 28 2026,7:00p,Miami Heat,,Atlanta Hawks,,,,,,,
Wed Oct 28 2026,7:00p,Washington Wizards,,Cleveland Cavaliers,,,,,,,
Wed Oct 28 2026,7:00p,Charlotte Hornets,,Detroit Pistons,,,,,,,
Wed Oct 28 2026,7:00p,Philadelphia 76ers,,Indiana Pacers,,,,,,,
Wed Oct 28 2026,7:30p,Orlando Magic,,Toronto Raptors,,,,,,,
Wed Oct 28 2026,8:00p,New York Knicks,,Chicago Bulls,,,,,,,
Wed Oct 28 2026,8:00p,Houston Rockets,,Milwaukee Bucks,,,,,,,
Wed Oct 28 2026,8:00p,Golden State Warriors,,Minnesota Timberwolves,,,,,,,
Wed Oct 28 2026,8:00p,Denver Nuggets,,New Orleans Pelicans,,,,,,,
Wed Oct 28 2026,9:00p,San Antonio Spurs,,Utah Jazz,,,,,,,
Wed Oct 28 2026,9:30p,Oklahoma City Thunder,,Dallas Mavericks,,,,,,,
Wed Oct 28 2026,10:30p,Los Angeles Lakers,,Los Angeles Clippers,,,,,,,
Thu Oct 29 2026,7:00p,Cleveland Cavaliers,,Atlanta Hawks,,,,,,,
Thu Oct 29 2026,8:00p,Sacramento Kings,,New Orleans Pelicans,,,,,,,
Thu Oct 29 2026,10:00p,Memphis Grizzlies,,Portland Trail Blazers,,,,,,,
Fri Oct 30 2026,7:00p,Charlotte Hornets,,Washington Wizards,,,,,,,NBA Cup
Fri Oct 30 2026,7:30p,Chicago Bulls,,Boston Celtics,,,,,,,NBA Cup
Fri Oct 30 2026,7:30p,Detroit Pistons,,Brooklyn Nets,,,,,,,NBA Cup
Fri Oct 30 2026,7:30p,New York Knicks,,Philadelphia 76ers,,,,,,,NBA Cup
Fri Oct 30 2026,7:30p,Orlando Magic,,Toronto Raptors,,,,,,,NBA Cup
Fri Oct 30 2026,8:00p,Indiana Pacers,,Miami Heat,,,,,,,NBA Cup
Fri Oct 30 2026,8:00p,Houston Rockets,,Dallas Mavericks,,,,,,,NBA Cup
Fri Oct 30 2026,8:00p,Los Angeles Clippers,,Minnesota Timberwolves,,,,,,,NBA Cup
Fri Oct 30 2026,10:00p,Los Angeles Lakers,,Golden State Warriors,,,,,,,NBA Cup
Fri Oct 30 2026,10:00p,Denver Nuggets,,Phoenix Suns,,,,,,,NBA Cup
Sat Oct 31 2026,3:00p,Portland Trail Blazers,,Utah Jazz,,,,,,,
Sat Oct 31 2026,6:00p,Philadelphia 76ers,,Charlotte Hornets,,,,,,,
Sat Oct 31 2026,7:00p,Atlanta Hawks,,New Orleans Pelicans,,,,,,,
Sat Oct 31 2026,8:00p,Sacramento Kings,,Memphis Grizzlies,,,,,,,
Sat Oct 31 2026,8:00p,Cleveland Cavaliers,,Milwaukee Bucks,,,,,,,
Sat Oct 31 2026,8:00p,Minnesota Timberwolves,,San Antonio Spurs,,,,,,,
Sat Oct 31 2026,8:30p,Oklahoma City Thunder,,Houston Rockets,,,,,,,
Sun Nov 1 2026,3:30p,Boston Celtics,,Orlando Magic,,,,,,,
Sun Nov 1 2026,5:00p,Brooklyn Nets,,Indiana Pacers,,,,,,,
Sun Nov 1 2026,8:30p,Los Angeles Clippers,,Golden State Warriors,,,,,,,
Sun Nov 1 2026,9:00p,Toronto Raptors,,Los Angeles Lakers,,,,,,,
Mon Nov 2 2026,7:00p,Oklahoma City Thunder,,Cleveland Cavaliers,,,,,,,
Mon Nov 2 2026,7:30p,Detroit Pistons,,Charlotte Hornets,,,,,,,
Mon Nov 2 2026,7:30p,Atlanta Hawks,,Indiana Pacers,,,,,,,
Mon Nov 2 2026,7:30p,Brooklyn Nets,,New York Knicks,,,,,,,
Mon Nov 2 2026,7:30p,Washington Wizards,,Orlando Magic,,,,,,,
Mon Nov 2 2026,7:30p,Chicago Bulls,,Philadelphia 76ers,,,,,,,
Mon Nov 2 2026,8:00p,Sacramento Kings,,Dallas Mavericks,,,,,,,
Mon Nov 2 2026,8:00p,New Orleans Pelicans,,Memphis Grizzlies,,,,,,,
Mon Nov 2 2026,8:00p,Milwaukee Bucks,,Minnesota Timberwolves,,,,,,,
Mon Nov 2 2026,8:30p,Boston Celtics,,Houston Rockets,,,,,,,
Mon Nov 2 2026,8:30p,Utah Jazz,,San Antonio Spurs,,,,,,,
Mon Nov 2 2026,9:00p,Portland Trail Blazers,,Denver Nuggets,,,,,,,
Mon Nov 2 2026,10:00p,Phoenix Suns,,Golden State Warriors,,,,,,,
Mon Nov 2 2026,10:00p,Toronto Raptors,,Los Angeles Clippers,,,,,,,
Mon Nov 2 2026,10:00p,Miami Heat,,Los Angeles Lakers,,,,,,,
Wed Nov 4 2026,7:00p,Philadelphia 76ers,,Detroit Pistons,,,,,,,
Wed Nov 4 2026,7:00p,Atlanta Hawks,,Washington Wizards,,,,,,,
Wed Nov 4 2026,7:30p,Milwaukee Bucks,,Boston Celtics,,,,,,,
Wed Nov 4 2026,7:30p,Charlotte Hornets,,Brooklyn Nets,,,,,,,
Wed Nov 4 2026,7:30p,Chicago Bulls,,New York Knicks,,,,,,,
Wed Nov 4 2026,8:00p,Indiana Pacers,,Memphis Grizzlies,,,,,,,
Wed Nov 4 2026,8:00p,Utah Jazz,,New Orleans Pelicans,,,,,,,
Wed Nov 4 2026,8:00p,Cleveland Cavaliers,,Oklahoma City Thunder,,,,,,,
Wed Nov 4 2026,8:30p,Minnesota Timberwolves,,Houston Rockets,,,,,,,
Wed Nov 4 2026,9:00p,Toronto Raptors,,Denver Nuggets,,,,,,,
Wed Nov 4 2026,9:00p,Portland Trail Blazers,,Phoenix Suns,,,,,,,
Wed Nov 4 2026,9:30p,Dallas Mavericks,,San Antonio Spurs,,,,,,,
Wed Nov 4 2026,10:00p,Los Angeles Lakers,,Sacramento Kings,,,,,,,
Wed Nov 4 2026,10:30p,Miami Heat,,Los Angeles Clippers,,,,,,,
Thu Nov 5 2026,9:00p,Orlando Magic,,Phoenix Suns,,,,,,,
Thu Nov 5 2026,10:00p,Miami Heat,,Golden State Warriors,,,,,,,
Fri Nov 6 2026,7:00p,Washington Wizards,,Atlanta Hawks,,,,,,,NBA Cup
Fri Nov 6 2026,7:00p,Boston Celtics,,Charlotte Hornets,,,,,,,NBA Cup
Fri Nov 6 2026,7:30p,Philadelphia 76ers,,Cleveland Cavaliers,,,,,,,NBA Cup; R
Fri Nov 6 2026,8:00p,Utah Jazz,,Dallas Mavericks,,,,,,,NBA Cup
Fri Nov 6 2026,8:00p,Oklahoma City Thunder,,Memphis Grizzlies,,,,,,,NBA Cup
Fri Nov 6 2026,8:00p,Toronto Raptors,,Milwaukee Bucks,,,,,,,NBA Cup
Fri Nov 6 2026,8:00p,Minnesota Timberwolves,,New Orleans Pelicans,,,,,,,NBA Cup
Fri Nov 6 2026,10:00p,Portland Trail Blazers,,Los Angeles Lakers,,,,,,,NBA Cup
Fri Nov 6 2026,10:00p,San Antonio Spurs,,Sacramento Kings,,,,,,,NBA Cup
Sat Nov 7 2026,5:00p,Denver Nuggets,,Indiana Pacers,,,,,,,Neutral
Sat Nov 7 2026,7:30p,Brooklyn Nets,,Atlanta Hawks,,,,,,,
Sat Nov 7 2026,8:00p,New York Knicks,,Cleveland Cavaliers,,,,,,,
Sat Nov 7 2026,8:00p,Washington Wizards,,Oklahoma City Thunder,,,,,,,
Sat Nov 7 2026,8:30p,Orlando Magic,,Golden State Warriors,,,,,,,
Sat Nov 7 2026,9:00p,Houston Rockets,,Phoenix Suns,,,,,,,
Sat Nov 7 2026,10:00p,San Antonio Spurs,,Portland Trail Blazers,,,,,,,
Sun Nov 8 2026,3:30p,Philadelphia 76ers,,Chicago Bulls,,,,,,,
Sun Nov 8 2026,6:00p,Los Angeles Lakers,,Detroit Pistons,,,,,,,
Sun Nov 8 2026,7:00p,Utah Jazz,,Minnesota Timberwolves,,,,,,,
Sun Nov 8 2026,7:30p,Brooklyn Nets,,Dallas Mavericks,,,,,,,
Sun Nov 8 2026,8:00p,Boston Celtics,,Milwaukee Bucks,,,,,,,
Sun Nov 8 2026,9:00p,New Orleans Pelicans,,Los Angeles Clippers,,,,,,,
Sun Nov 8 2026,9:00p,Miami Heat,,Sacramento Kings,,,,,,,
Mon Nov 9 2026,7:00p,Los Angeles Lakers,,Atlanta Hawks,,,,,,,
Mon Nov 9 2026,7:00p,Cleveland Cavaliers,,Charlotte Hornets,,,,,,,
Mon Nov 9 2026,7:00p,Washington Wizards,,Detroit Pistons,,,,,,,
Mon Nov 9 2026,7:30p,Memphis Grizzlies,,Toronto Raptors,,,,,,,
Mon Nov 9 2026,8:00p,Indiana Pacers,,Dallas Mavericks,,,,,,,
Mon Nov 9 2026,8:30p,Denver Nuggets,,Houston Rockets,,,,,,,
Mon Nov 9 2026,9:00p,San Antonio Spurs,,Phoenix Suns,,,,,,,
Mon Nov 9 2026,10:00p,New Orleans Pelicans,,Golden State Warriors,,,,,,,
Tue Nov 10 2026,7:30p,Milwaukee Bucks,,New York Knicks,,,,,,,
Tue Nov 10 2026,8:00p,Boston Celtics,,Philadelphia 76ers,,,,,,,
Tue Nov 10 2026,9:00p,Los Angeles Clippers,,Phoenix Suns,,,,,,,
Tue Nov 10 2026,9:00p,Miami Heat,,Utah Jazz,,,,,,,
Tue Nov 10 2026,10:00p,Orlando Magic,,Sacramento Kings,,,,,,,
Tue Nov 10 2026,11:00p,Oklahoma City Thunder,,Portland Trail Blazers,,,,,,,
Wed Nov 11 2026,7:00p,Washington Wizards,,Indiana Pacers,,,,,,,
Wed Nov 11 2026,7:00p,Cleveland Cavaliers,,New York Knicks,,,,,,,
Wed Nov 11 2026,7:00p,Boston Celtics,,Toronto Raptors,,,,,,,
Wed Nov 11 2026,8:00p,San Antonio Spurs,,Chicago Bulls,,,,,,,
Wed Nov 11 2026,8:00p,Denver Nuggets,,Memphis Grizzlies,,,,,,,
Wed Nov 11 2026,8:00p,Los Angeles Lakers,,Milwaukee Bucks,,,,,,,
Wed Nov 11 2026,8:00p,Brooklyn Nets,,New Orleans Pelicans,,,,,,,
Wed Nov 11 2026,9:00p,Orlando Magic,,Utah Jazz,,,,,,,
Wed Nov 11 2026,9:30p,Golden State Warriors,,Houston Rockets,,,,,,,
Wed Nov 11 2026,10:00p,Oklahoma City Thunder,,Portland Trail Blazers,,,,,,,
Thu Nov 12 2026,7:00p,Toronto Raptors,,Philadelphia 76ers,,,,,,,
Thu Nov 12 2026,7:00p,Detroit Pistons,,Washington Wizards,,,,,,,
Thu Nov 12 2026,8:00p,Dallas Mavericks,,Minnesota Timberwolves,,,,,,,
Thu Nov 12 2026,9:00p,Charlotte Hornets,,Phoenix Suns,,,,,,,
Fri Nov 13 2026,7:00p,New York Knicks,,Indiana Pacers,,,,,,,NBA Cup
Fri Nov 13 2026,7:00p,Milwaukee Bucks,,Orlando Magic,,,,,,,NBA Cup
Fri Nov 13 2026,8:00p,Cleveland Cavaliers,,Miami Heat,,,,,,,NBA Cup
Fri Nov 13 2026,8:00p,Atlanta Hawks,,Chicago Bulls,,,,,,,NBA Cup
Fri Nov 13 2026,8:00p,Memphis Grizzlies,,New Orleans Pelicans,,,,,,,NBA Cup
Fri Nov 13 2026,8:30p,Utah Jazz,,Houston Rockets,,,,,,,NBA Cup
Fri Nov 13 2026,9:30p,Golden State Warriors,,San Antonio Spurs,,,,,,,NBA Cup; R
Fri Nov 13 2026,10:00p,Portland Trail Blazers,,Sacramento Kings,,,,,,,NBA Cup
Fri Nov 13 2026,10:30p,Oklahoma City Thunder,,Los Angeles Clippers,,,,,,,NBA Cup
Sat Nov 14 2026,7:00p,Denver Nuggets,,New Orleans Pelicans,,,,,,,
Sat Nov 14 2026,7:30p,Dallas Mavericks,,Cleveland Cavaliers,,,,,,,
Sat Nov 14 2026,8:00p,Detroit Pistons,,Miami Heat,,,,,,,
Sat Nov 14 2026,8:00p,Brooklyn Nets,,Memphis Grizzlies,,,,,,,
Sat Nov 14 2026,8:00p,Chicago Bulls,,Minnesota Timberwolves,,,,,,,
Sun Nov 15 2026,1:00p,Indiana Pacers,,Philadelphia 76ers,,,,,,,
Sun Nov 15 2026,4:00p,Los Angeles Lakers,,Phoenix Suns,,,,,,,
Sun Nov 15 2026,4:30p,Charlotte Hornets,,Los Angeles Clippers,,,,,,,
Sun Nov 15 2026,5:00p,San Antonio Spurs,,Utah Jazz,,,,,,,
Sun Nov 15 2026,6:00p,Dallas Mavericks,,Boston Celtics,,,,,,,
Sun Nov 15 2026,6:00p,New York Knicks,,Toronto Raptors,,,,,,,
Sun Nov 15 2026,7:00p,Houston Rockets,,Washington Wizards,,,,,,,
Sun Nov 15 2026,8:00p,Atlanta Hawks,,Milwaukee Bucks,,,,,,,
Sun Nov 15 2026,9:00p,Oklahoma City Thunder,,Sacramento Kings,,,,,,,
Mon Nov 16 2026,7:00p,Orlando Magic,,Boston Celtics,,,,,,,
Mon Nov 16 2026,7:00p,Chicago Bulls,,Cleveland Cavaliers,,,,,,,
Mon Nov 16 2026,7:00p,Memphis Grizzlies,,Washington Wizards,,,,,,,
Mon Nov 16 2026,7:30p,Philadelphia 76ers,,Brooklyn Nets,,,,,,,
Mon Nov 16 2026,7:30p,Houston Rockets,,Miami Heat,,,,,,,
Mon Nov 16 2026,8:00p,Portland Trail Blazers,,Minnesota Timberwolves,,,,,,,
Mon Nov 16 2026,8:00p,Golden State Warriors,,New Orleans Pelicans,,,,,,,
Mon Nov 16 2026,9:00p,Phoenix Suns,,Denver Nuggets,,,,,,,
Tue Nov 17 2026,7:30p,New York Knicks,,Toronto Raptors,,,,,,,
Tue Nov 17 2026,8:00p,Portland Trail Blazers,,Minnesota Timberwolves,,,,,,,
Tue Nov 17 2026,8:00p,Detroit Pistons,,San Antonio Spurs,,,,,,,
Tue Nov 17 2026,10:00p,Charlotte Hornets,,Los Angeles Lakers,,,,,,,
Tue Nov 17 2026,11:00p,Utah Jazz,,Los Angeles Clippers,,,,,,,
Wed Nov 18 2026,7:00p,Memphis Grizzlies,,Cleveland Cavaliers,,,,,,,
Wed Nov 18 2026,7:00p,Houston Rockets,,Indiana Pacers,,,,,,,
Wed Nov 18 2026,7:00p,Milwaukee Bucks,,Miami Heat,,,,,,,
Wed Nov 18 2026,7:00p,Philadelphia 76ers,,Orlando Magic,,,,,,,
Wed Nov 18 2026,7:30p,Chicago Bulls,,Brooklyn Nets,,,,,,,
Wed Nov 18 2026,7:30p,Washington Wizards,,Toronto Raptors,,,,,,,
Wed Nov 18 2026,8:00p,Detroit Pistons,,New Orleans Pelicans,,,,,,,
Wed Nov 18 2026,8:00p,Atlanta Hawks,,Oklahoma City Thunder,,,,,,,
Wed Nov 18 2026,9:00p,Boston Celtics,,Denver Nuggets,,,,,,,
Wed Nov 18 2026,9:30p,Golden State Warriors,,Dallas Mavericks,,,,,,,
Wed Nov 18 2026,10:00p,Utah Jazz,,Los Angeles Lakers,,,,,,,
Wed Nov 18 2026,10:00p,Phoenix Suns,,Sacramento Kings,,,,,,,
Thu Nov 19 2026,8:00p,Golden State Warriors,,Memphis Grizzlies,,,,,,,
Thu Nov 19 2026,8:00p,Portland Trail Blazers,,Milwaukee Bucks,,,,,,,
Thu Nov 19 2026,8:00p,New York Knicks,,Minnesota Timberwolves,,,,,,,
Thu Nov 19 2026,8:00p,Los Angeles Clippers,,San Antonio Spurs,,,,,,,
Fri Nov 20 2026,7:00p,Charlotte Hornets,,Atlanta Hawks,,,,,,,NBA Cup
Fri Nov 20 2026,7:30p,Orlando Magic,,Brooklyn Nets,,,,,,,NBA Cup
Fri Nov 20 2026,7:30p,Indiana Pacers,,Cleveland Cavaliers,,,,,,,NBA Cup
Fri Nov 20 2026,7:30p,Toronto Raptors,,Detroit Pistons,,,,,,,NBA Cup
Fri Nov 20 2026,8:00p,Washington Wizards,,Chicago Bulls,,,,,,,NBA Cup
Fri Nov 20 2026,8:00p,New Orleans Pelicans,,Oklahoma City Thunder,,,,,,,NBA Cup
Fri Nov 20 2026,9:30p,Phoenix Suns,,Utah Jazz,,,,,,,NBA Cup
Fri Nov 20 2026,10:00p,Houston Rockets,,Denver Nuggets,,,,,,,NBA Cup; R
Fri Nov 20 2026,10:00p,Sacramento Kings,,Los Angeles Lakers,,,,,,,NBA Cup
Sat Nov 21 2026,1:00p,Milwaukee Bucks,,Philadelphia 76ers,,,,,,,
Sat Nov 21 2026,7:30p,Portland Trail Blazers,,New York Knicks,,,,,,,
Sat Nov 21 2026,8:00p,Los Angeles Clippers,,Dallas Mavericks,,,,,,,
Sat Nov 21 2026,8:00p,Memphis Grizzlies,,Minnesota Timberwolves,,,,,,,
Sat Nov 21 2026,8:00p,New Orleans Pelicans,,San Antonio Spurs,,,,,,,
Sat Nov 21 2026,10:00p,Boston Celtics,,Sacramento Kings,,,,,,,
Sun Nov 22 2026,3:30p,Detroit Pistons,,Atlanta Hawks,,,,,,,
Sun Nov 22 2026,6:00p,Oklahoma City Thunder,,Miami Heat,,,,,,,
Sun Nov 22 2026,7:00p,Orlando Magic,,Washington Wizards,,,,,,,
Sun Nov 22 2026,7:00p,Denver Nuggets,,Chicago Bulls,,,,,,,
Sun Nov 22 2026,7:00p,Dallas Mavericks,,Utah Jazz,,,,,,,
Sun Nov 22 2026,8:00p,Indiana Pacers,,New York Knicks,,,,,,,
Sun Nov 22 2026,8:30p,Boston Celtics,,Golden State Warriors,,,,,,,
Mon Nov 23 2026,7:00p,Memphis Grizzlies,,Charlotte Hornets,,,,,,,
Mon Nov 23 2026,7:00p,Portland Trail Blazers,,Philadelphia 76ers,,,,,,,
Mon Nov 23 2026,7:30p,Oklahoma City Thunder,,Indiana Pacers,,,,,,,
Mon Nov 23 2026,7:30p,Milwaukee Bucks,,Toronto Raptors,,,,,,,
Mon Nov 23 2026,7:30p,Brooklyn Nets,,Minnesota Timberwolves,,,,,,,
Mon Nov 23 2026,8:00p,Cleveland Cavaliers,,Chicago Bulls,,,,,,,
Mon Nov 23 2026,8:00p,Phoenix Suns,,New Orleans Pelicans,,,,,,,
Mon Nov 23 2026,8:30p,Los Angeles Clippers,,Houston Rockets,,,,,,,
Mon Nov 23 2026,10:00p,Utah Jazz,,Los Angeles Lakers,,,,,,,
Mon Nov 23 2026,10:00p,San Antonio Spurs,,Sacramento Kings,,,,,,,
Tue Nov 24 2026,7:00p,Detroit Pistons,,Orlando Magic,,,,,,,NBA Cup
Tue Nov 24 2026,8:00p,Boston Celtics,,Washington Wizards,,,,,,,NBA Cup
Tue Nov 24 2026,10:00p,Dallas Mavericks,,Denver Nuggets,,,,,,,NBA Cup
Wed Nov 25 2026,5:00p,Miami Heat,,Philadelphia 76ers,,,,,,,NBA Cup
Wed Nov 25 2026,7:00p,Chicago Bulls,,Charlotte Hornets,,,,,,,NBA Cup
Wed Nov 25 2026,7:30p,Cleveland Cavaliers,,New York Knicks,,,,,,,NBA Cup
Wed Nov 25 2026,7:30p,Minnesota Timberwolves,,Oklahoma City Thunder,,,,,,,NBA Cup
Wed Nov 25 2026,8:00p,Los Angeles Clippers,,Memphis Grizzlies,,,,,,,NBA Cup
Wed Nov 25 2026,8:00p,Brooklyn Nets,,Milwaukee Bucks,,,,,,,NBA Cup
Wed Nov 25 2026,8:30p,Phoenix Suns,,Houston Rockets,,,,,,,NBA Cup
Wed Nov 25 2026,10:00p,Sacramento Kings,,Golden State Warriors,,,,,,,NBA Cup
Wed Nov 25 2026,10:00p,San Antonio Spurs,,Portland Trail Blazers,,,,,,,NBA Cup
Fri Nov 27 2026,7:00p,Miami Heat,,New York Knicks,,,,,,,NBA Cup
Fri Nov 27 2026,7:30p,Milwaukee Bucks,,Detroit Pistons,,,,,,,NBA Cup
Fri Nov 27 2026,7:30p,Philadelphia 76ers,,Indiana Pacers,,,,,,,NBA Cup
Fri Nov 27 2026,7:30p,Brooklyn Nets,,Toronto Raptors,,,,,,,NBA Cup
Fri Nov 27 2026,8:00p,Atlanta Hawks,,Boston Celtics,,,,,,,NBA Cup
Fri Nov 27 2026,8:30p,Memphis Grizzlies,,Minnesota Timberwolves,,,,,,,NBA Cup
Fri Nov 27 2026,9:00p,Dallas Mavericks,,Phoenix Suns,,,,,,,NBA Cup
Fri Nov 27 2026,9:30p,Los Angeles Lakers,,San Antonio Spurs,,,,,,,NBA Cup
Fri Nov 27 2026,9:30p,Denver Nuggets,,Utah Jazz,,,,,,,NBA Cup
Fri Nov 27 2026,9:30p,New Orleans Pelicans,,Los Angeles Clippers,,,,,,,NBA Cup
Fri Nov 27 2026,9:30p,Golden State Warriors,,Portland Trail Blazers,,,,,,,NBA Cup
Sat Nov 28 2026,5:00p,Orlando Magic,,Washington Wizards,,,,,,,
Sat Nov 28 2026,6:00p,Brooklyn Nets,,Charlotte Hornets,,,,,,,
Sat Nov 28 2026,8:00p,Indiana Pacers,,Chicago Bulls,,,,,,,
Sat Nov 28 2026,8:00p,Oklahoma City Thunder,,Milwaukee Bucks,,,,,,,
Sat Nov 28 2026,8:30p,Philadelphia 76ers,,Houston Rockets,,,,,,,
Sun Nov 29 2026,4:00p,Los Angeles Lakers,,Memphis Grizzlies,,,,,,,
Sun Nov 29 2026,4:00p,Boston Celtics,,San Antonio Spurs,,,,,,,
Sun Nov 29 2026,5:00p,Phoenix Suns,,Utah Jazz,,,,,,,
Sun Nov 29 2026,6:00p,Miami Heat,,Cleveland Cavaliers,,,,,,,
Sun Nov 29 2026,6:00p,Orlando Magic,,Detroit Pistons,,,,,,,
Sun Nov 29 2026,6:00p,Atlanta Hawks,,New York Knicks,,,,,,,
Sun Nov 29 2026,6:00p,Denver Nuggets,,Toronto Raptors,,,,,,,
Sun Nov 29 2026,6:00p,New Orleans Pelicans,,Portland Trail Blazers,,,,,,,
Sun Nov 29 2026,8:30p,Los Angeles Clippers,,Golden State Warriors,,,,,,,
Sun Nov 29 2026,9:00p,Minnesota Timberwolves,,Sacramento Kings,,,,,,,
Mon Nov 30 2026,7:00p,Washington Wizards,,Charlotte Hornets,,,,,,,
Mon Nov 30 2026,7:00p,Denver Nuggets,,Detroit Pistons,,,,,,,
Mon Nov 30 2026,7:30p,Oklahoma City Thunder,,Brooklyn Nets,,,,,,,
Mon Nov 30 2026,7:30p,Los Angeles Lakers,,Houston Rockets,,,,,,,
Mon Nov 30 2026,8:00p,Boston Celtics,,Dallas Mavericks,,,,,,,
Mon Nov 30 2026,8:00p,San Antonio Spurs,,Milwaukee Bucks,,,,,,,
Mon Nov 30 2026,10:00p,New Orleans Pelicans,,Sacramento Kings,,,,,,,
Tue Dec 1 2026,7:00p,Indiana Pacers,,Cleveland Cavaliers,,,,,,,
Tue Dec 1 2026,7:00p,Memphis Grizzlies,,Philadelphia 76ers,,,,,,,
Tue Dec 1 2026,7:30p,Atlanta Hawks,,Miami Heat,,,,,,,
Tue Dec 1 2026,8:00p,New York Knicks,,Chicago Bulls,,,,,,,
Tue Dec 1 2026,8:30p,Toronto Raptors,,Houston Rockets,,,,,,,
Tue Dec 1 2026,9:00p,Los Angeles Clippers,,Phoenix Suns,,,,,,,
Tue Dec 1 2026,10:00p,Minnesota Timberwolves,,Portland Trail Blazers,,,,,,,
Tue Dec 1 2026,11:00p,Utah Jazz,,Golden State Warriors,,,,,,,
Wed Dec 2 2026,7:00p,Memphis Grizzlies,,Detroit Pistons,,,,,,,
Wed Dec 2 2026,7:00p,Denver Nuggets,,Philadelphia 76ers,,,,,,,
Wed Dec 2 2026,7:30p,Charlotte Hornets,,Boston Celtics,,,,,,,
Wed Dec 2 2026,8:00p,Orlando Magic,,Dallas Mavericks,,,,,,,
Wed Dec 2 2026,8:00p,New York Knicks,,Milwaukee Bucks,,,,,,,
Wed Dec 2 2026,8:00p,Los Angeles Lakers,,New Orleans Pelicans,,,,,,,
Wed Dec 2 2026,8:00p,Brooklyn Nets,,Oklahoma City Thunder,,,,,,,
Wed Dec 2 2026,9:00p,Sacramento Kings,,Phoenix Suns,,,,,,,
Wed Dec 2 2026,10:30p,Minnesota Timberwolves,,Los Angeles Clippers,,,,,,,
Thu Dec 3 2026,7:00p,Indiana Pacers,,Atlanta Hawks,,,,,,,
Thu Dec 3 2026,7:30p,Washington Wizards,,Miami Heat,,,,,,,
Thu Dec 3 2026,8:00p,Cleveland Cavaliers,,Chicago Bulls,,,,,,,
Thu Dec 3 2026,8:00p,Toronto Raptors,,San Antonio Spurs,,,,,,,
Thu Dec 3 2026,10:00p,Utah Jazz,,Portland Trail Blazers,,,,,,,
Sat Dec 12 2026,5:00p,Milwaukee Bucks,,Memphis Grizzlies,,,,,,,
Sat Dec 12 2026,7:00p,Charlotte Hornets,,Washington Wizards,,,,,,,
Sat Dec 12 2026,7:30p,Orlando Magic,,Philadelphia 76ers,,,,,,,
Sat Dec 12 2026,8:00p,Golden State Warriors,,Cleveland Cavaliers,,,,,,,
Sat Dec 12 2026,8:30p,New York Knicks,,Miami Heat,,,,,,,
Sat Dec 12 2026,9:00p,Minnesota Timberwolves,,Phoenix Suns,,,,,,,
Sat Dec 12 2026,9:30p,Denver Nuggets,,Utah Jazz,,,,,,,
Sat Dec 12 2026,10:00p,Atlanta Hawks,,Portland Trail Blazers,,,,,,,
Sun Dec 13 2026,3:00p,Boston Celtics,,Brooklyn Nets,,,,,,,
Sun Dec 13 2026,3:30p,Toronto Raptors,,Oklahoma City Thunder,,,,,,,
Sun Dec 13 2026,5:00p,Detroit Pistons,,Indiana Pacers,,,,,,,
Sun Dec 13 2026,6:00p,Houston Rockets,,Chicago Bulls,,,,,,,
Sun Dec 13 2026,7:00p,Los Angeles Clippers,,San Antonio Spurs,,,,,,,
Sun Dec 13 2026,9:00p,New Orleans Pelicans,,Sacramento Kings,,,,,,,
Mon Dec 14 2026,7:00p,Toronto Raptors,,Charlotte Hornets,,,,,,,
Mon Dec 14 2026,7:00p,Brooklyn Nets,,Detroit Pistons,,,,,,,
Mon Dec 14 2026,7:00p,Philadelphia 76ers,,Orlando Magic,,,,,,,
Mon Dec 14 2026,7:30p,Washington Wizards,,Boston Celtics,,,,,,,
Mon Dec 14 2026,8:00p,Miami Heat,,Chicago Bulls,,,,,,,
Mon Dec 14 2026,8:00p,Milwaukee Bucks,,Dallas Mavericks,,,,,,,
Mon Dec 14 2026,8:00p,Golden State Warriors,,Memphis Grizzlies,,,,,,,
Mon Dec 14 2026,8:30p,New York Knicks,,Houston Rockets,,,,,,,
Mon Dec 14 2026,9:00p,Atlanta Hawks,,Phoenix Suns,,,,,,,
Mon Dec 14 2026,9:00p,Minnesota Timberwolves,,Utah Jazz,,,,,,,
Mon Dec 14 2026,10:00p,New Orleans Pelicans,,Los Angeles Lakers,,,,,,,
Tue Dec 15 2026,8:00p,San Antonio Spurs,,Cleveland Cavaliers,,,,,,,
Tue Dec 15 2026,11:00p,Denver Nuggets,,Portland Trail Blazers,,,,,,,
Wed Dec 16 2026,7:00p,Washington Wizards,,Boston Celtics,,,,,,,
Wed Dec 16 2026,7:00p,Los Angeles Clippers,,Charlotte Hornets,,,,,,,
Wed Dec 16 2026,7:00p,Phoenix Suns,,Detroit Pistons,,,,,,,
Wed Dec 16 2026,7:00p,Golden State Warriors,,Indiana Pacers,,,,,,,
Wed Dec 16 2026,7:00p,Cleveland Cavaliers,,Orlando Magic,,,,,,,
Wed Dec 16 2026,7:30p,Dallas Mavericks,,Brooklyn Nets,,,,,,,
Wed Dec 16 2026,7:30p,San Antonio Spurs,,Toronto Raptors,,,,,,,
Wed Dec 16 2026,8:00p,Utah Jazz,,Chicago Bulls,,,,,,,
Wed Dec 16 2026,8:00p,Miami Heat,,Memphis Grizzlies,,,,,,,
Wed Dec 16 2026,8:00p,New York Knicks,,New Orleans Pelicans,,,,,,,
Wed Dec 16 2026,8:00p,Sacramento Kings,,Oklahoma City Thunder,,,,,,,
Wed Dec 16 2026,8:30p,Milwaukee Bucks,,Houston Rockets,,,,,,,
Wed Dec 16 2026,9:30p,Los Angeles Lakers,,Minnesota Timberwolves,,,,,,,
Thu Dec 17 2026,7:00p,Portland Trail Blazers,,Indiana Pacers,,,,,,,
Thu Dec 17 2026,7:00p,Dallas Mavericks,,Philadelphia 76ers,,,,,,,
Thu Dec 17 2026,9:00p,Atlanta Hawks,,Denver Nuggets,,,,,,,
Fri Dec 18 2026,7:00p,Oklahoma City Thunder,,Charlotte Hornets,,,,,,,
Fri Dec 18 2026,7:00p,Los Angeles Clippers,,Miami Heat,,,,,,,
Fri Dec 18 2026,7:00p,New York Knicks,,Washington Wizards,,,,,,,
Fri Dec 18 2026,7:30p,Utah Jazz,,Boston Celtics,,,,,,,
Fri Dec 18 2026,7:30p,Orlando Magic,,Brooklyn Nets,,,,,,,
Fri Dec 18 2026,7:30p,Cleveland Cavaliers,,Detroit Pistons,,,,,,,
Fri Dec 18 2026,7:30p,Golden State Warriors,,Toronto Raptors,,,,,,,
Fri Dec 18 2026,8:00p,Houston Rockets,,Memphis Grizzlies,,,,,,,
Fri Dec 18 2026,8:00p,Phoenix Suns,,Milwaukee Bucks,,,,,,,
Fri Dec 18 2026,8:00p,Los Angeles Lakers,,Minnesota Timberwolves,,,,,,,
Fri Dec 18 2026,8:00p,Sacramento Kings,,New Orleans Pelicans,,,,,,,
Fri Dec 18 2026,8:00p,Chicago Bulls,,San Antonio Spurs,,,,,,,
Sat Dec 19 2026,6:00p,Portland Trail Blazers,,Charlotte Hornets,,,,,,,
Sat Dec 19 2026,7:00p,Orlando Magic,,Atlanta Hawks,,,,,,,
Sat Dec 19 2026,8:00p,Chicago Bulls,,Dallas Mavericks,,,,,,,
Sat Dec 19 2026,9:00p,Los Angeles Lakers,,Denver Nuggets,,,,,,,
Sun Dec 20 2026,3:00p,Washington Wizards,,Brooklyn Nets,,,,,,,
Sun Dec 20 2026,3:30p,Houston Rockets,,Toronto Raptors,,,,,,,
Sun Dec 20 2026,4:00p,Phoenix Suns,,Memphis Grizzlies,,,,,,,
Sun Dec 20 2026,6:00p,Utah Jazz,,Cleveland Cavaliers,,,,,,,
Sun Dec 20 2026,6:00p,Sacramento Kings,,Miami Heat,,,,,,,
Sun Dec 20 2026,7:00p,Oklahoma City Thunder,,Atlanta Hawks,,,,,,,
Sun Dec 20 2026,7:00p,San Antonio Spurs,,New Orleans Pelicans,,,,,,,
Sun Dec 20 2026,8:00p,Detroit Pistons,,Boston Celtics,,,,,,,
Sun Dec 20 2026,8:00p,Golden State Warriors,,Milwaukee Bucks,,,,,,,
Sun Dec 20 2026,10:00p,Indiana Pacers,,Los Angeles Clippers,,,,,,,
Mon Dec 21 2026,7:00p,Philadelphia 76ers,,Charlotte Hornets,,,,,,,
Mon Dec 21 2026,7:00p,New York Knicks,,Cleveland Cavaliers,,,,,,,
Mon Dec 21 2026,7:00p,Sacramento Kings,,Orlando Magic,,,,,,,
Mon Dec 21 2026,7:30p,Portland Trail Blazers,,Brooklyn Nets,,,,,,,
Mon Dec 21 2026,7:30p,Chicago Bulls,,Miami Heat,,,,,,,
Mon Dec 21 2026,8:00p,Phoenix Suns,,Minnesota Timberwolves,,,,,,,
Mon Dec 21 2026,8:00p,Memphis Grizzlies,,New Orleans Pelicans,,,,,,,
Mon Dec 21 2026,8:00p,Milwaukee Bucks,,San Antonio Spurs,,,,,,,
Mon Dec 21 2026,10:00p,Indiana Pacers,,Los Angeles Lakers,,,,,,,
Mon Dec 21 2026,10:30p,Denver Nuggets,,Los Angeles Clippers,,,,,,,
Tue Dec 22 2026,7:00p,Toronto Raptors,,Washington Wizards,,,,,,,
Tue Dec 22 2026,8:00p,Detroit Pistons,,Oklahoma City Thunder,,,,,,,
Tue Dec 22 2026,10:30p,Dallas Mavericks,,Golden State Warriors,,,,,,,
Wed Dec 23 2026,7:00p,Detroit Pistons,,Atlanta Hawks,,,,,,,
Wed Dec 23 2026,7:00p,Charlotte Hornets,,Orlando Magic,,,,,,,
Wed Dec 23 2026,7:00p,Cleveland Cavaliers,,Washington Wizards,,,,,,,
Wed Dec 23 2026,7:30p,Portland Trail Blazers,,Boston Celtics,,,,,,,
Wed Dec 23 2026,7:30p,San Antonio Spurs,,Brooklyn Nets,,,,,,,
Wed Dec 23 2026,7:30p,Chicago Bulls,,Miami Heat,,,,,,,
Wed Dec 23 2026,7:30p,Utah Jazz,,New York Knicks,,,,,,,
Wed Dec 23 2026,7:30p,Houston Rockets,,Philadelphia 76ers,,,,,,,
Wed Dec 23 2026,8:00p,Toronto Raptors,,Memphis Grizzlies,,,,,,,
Wed Dec 23 2026,8:00p,Minnesota Timberwolves,,Milwaukee Bucks,,,,,,,
Wed Dec 23 2026,8:00p,Oklahoma City Thunder,,New Orleans Pelicans,,,,,,,
Wed Dec 23 2026,9:00p,Indiana Pacers,,Phoenix Suns,,,,,,,
Wed Dec 23 2026,10:00p,Denver Nuggets,,Los Angeles Lakers,,,,,,,
Wed Dec 23 2026,10:00p,Dallas Mavericks,,Sacramento Kings,,,,,,,
Wed Dec 23 2026,10:30p,Golden State Warriors,,Los Angeles Clippers,,,,,,,
Fri Dec 25 2026,12:00p,San Antonio Spurs,,New York Knicks,,,,,,,R
Fri Dec 25 2026,2:30p,Miami Heat,,Boston Celtics,,,,,,,R
Fri Dec 25 2026,5:00p,Philadelphia 76ers,,Los Angeles Lakers,,,,,,,
Fri Dec 25 2026,8:00p,Oklahoma City Thunder,,Minnesota Timberwolves,,,,,,,
Fri Dec 25 2026,10:30p,Denver Nuggets,,Golden State Warriors,,,,,,,
Sat Dec 26 2026,1:00p,Portland Trail Blazers,,Washington Wizards,,,,,,,
Sat Dec 26 2026,3:30p,Charlotte Hornets,,Atlanta Hawks,,,,,,,
Sat Dec 26 2026,5:00p,Indiana Pacers,,Utah Jazz,,,,,,,
Sat Dec 26 2026,6:00p,New Orleans Pelicans,,Brooklyn Nets,,,,,,,
Sat Dec 26 2026,7:00p,Toronto Raptors,,Orlando Magic,,,,,,,
Sat Dec 26 2026,8:00p,Detroit Pistons,,Chicago Bulls,,,,,,,
Sat Dec 26 2026,8:00p,Phoenix Suns,,Dallas Mavericks,,,,,,,
Sat Dec 26 2026,10:30p,Memphis Grizzlies,,Los Angeles Clippers,,,,,,,
Sun Dec 27 2026,3:30p,Oklahoma City Thunder,,Houston Rockets,,,,,,,
Sun Dec 27 2026,6:00p,Washington Wizards,,Cleveland Cavaliers,,,,,,,
Sun Dec 27 2026,6:00p,Charlotte Hornets,,Miami Heat,,,,,,,
Sun Dec 27 2026,6:00p,Brooklyn Nets,,New York Knicks,,,,,,,
Sun Dec 27 2026,6:00p,Milwaukee Bucks,,Orlando Magic,,,,,,,
Sun Dec 27 2026,6:00p,Utah Jazz,,Sacramento Kings,,,,,,,
Sun Dec 27 2026,7:00p,Portland Trail Blazers,,Detroit Pistons,,,,,,,
Sun Dec 27 2026,7:00p,Atlanta Hawks,,San Antonio Spurs,,,,,,,
Sun Dec 27 2026,8:00p,Indiana Pacers,,Denver Nuggets,,,,,,,
Sun Dec 27 2026,8:30p,Minnesota Timberwolves,,Golden State Warriors,,,,,,,
Sun Dec 27 2026,9:00p,Philadelphia 76ers,,Los Angeles Clippers,,,,,,,
Sun Dec 27 2026,9:00p,Memphis Grizzlies,,Los Angeles Lakers,,,,,,,
Mon Dec 28 2026,7:30p,New Orleans Pelicans,,Toronto Raptors,,,,,,,
Mon Dec 28 2026,8:00p,Cleveland Cavaliers,,Boston Celtics,,,,,,,
Mon Dec 28 2026,9:00p,Golden State Warriors,,Phoenix Suns,,,,,,,
Mon Dec 28 2026,10:30p,Minnesota Timberwolves,,Denver Nuggets,,,,,,,
Tue Dec 29 2026,7:00p,Chicago Bulls,,Atlanta Hawks,,,,,,,
Tue Dec 29 2026,7:00p,Orlando Magic,,Charlotte Hornets,,,,,,,
Tue Dec 29 2026,7:00p,Los Angeles Clippers,,Indiana Pacers,,,,,,,
Tue Dec 29 2026,8:00p,Miami Heat,,Dallas Mavericks,,,,,,,
Tue Dec 29 2026,8:00p,San Antonio Spurs,,Memphis Grizzlies,,,,,,,
Tue Dec 29 2026,8:00p,Milwaukee Bucks,,Oklahoma City Thunder,,,,,,,
Tue Dec 29 2026,10:00p,Brooklyn Nets,,Portland Trail Blazers,,,,,,,
Tue Dec 29 2026,10:00p,Philadelphia 76ers,,Sacramento Kings,,,,,,,
Tue Dec 29 2026,10:30p,Houston Rockets,,Los Angeles Lakers,,,,,,,
Wed Dec 30 2026,7:00p,New Orleans Pelicans,,Detroit Pistons,,,,,,,
Wed Dec 30 2026,7:30p,Washington Wizards,,Toronto Raptors,,,,,,,
Wed Dec 30 2026,8:00p,Boston Celtics,,Chicago Bulls,,,,,,,
Wed Dec 30 2026,9:00p,Philadelphia 76ers,,Phoenix Suns,,,,,,,
Wed Dec 30 2026,9:00p,New York Knicks,,Utah Jazz,,,,,,,
Wed Dec 30 2026,10:00p,Houston Rockets,,Golden State Warriors,,,,,,,
Thu Dec 31 2026,1:00p,San Antonio Spurs,,Charlotte Hornets,,,,,,,
Thu Dec 31 2026,3:00p,Milwaukee Bucks,,Atlanta Hawks,,,,,,,
Thu Dec 31 2026,3:00p,Los Angeles Clippers,,Cleveland Cavaliers,,,,,,,
Thu Dec 31 2026,3:00p,Orlando Magic,,Indiana Pacers,,,,,,,
Thu Dec 31 2026,4:00p,Denver Nuggets,,Minnesota Timberwolves,,,,,,,
Thu Dec 31 2026,6:00p,Brooklyn Nets,,Sacramento Kings,,,,,,,
Thu Dec 31 2026,8:00p,Los Angeles Lakers,,New Orleans Pelicans,,,,,,,
Thu Dec 31 2026,8:00p,Miami Heat,,Oklahoma City Thunder,,,,,,,
Thu Dec 31 2026,9:00p,New York Knicks,,Phoenix Suns,,,,,,,
Fri Jan 1 2027,5:00p,San Antonio Spurs,,Washington Wizards,,,,,,,
Fri Jan 1 2027,7:30p,Orlando Magic,,Detroit Pistons,,,,,,,
Fri Jan 1 2027,7:30p,Los Angeles Clippers,,Toronto Raptors,,,,,,,
Fri Jan 1 2027,8:00p,Philadelphia 76ers,,Milwaukee Bucks,,,,,,,
Fri Jan 1 2027,8:30p,Dallas Mavericks,,Houston Rockets,,,,,,,
Fri Jan 1 2027,9:30p,Boston Celtics,,Utah Jazz,,,,,,,
Sat Jan 2 2027,1:00p,Cleveland Cavaliers,,Charlotte Hornets,,,,,,,
Sat Jan 2 2027,5:00p,New York Knicks,,Denver Nuggets,,,,,,,
Sat Jan 2 2027,7:00p,Minnesota Timberwolves,,Indiana Pacers,,,,,,,
Sat Jan 2 2027,7:00p,Miami Heat,,New Orleans Pelicans,,,,,,,
Sat Jan 2 2027,7:30p,Dallas Mavericks,,Atlanta Hawks,,,,,,,
Sat Jan 2 2027,8:00p,Los Angeles Lakers,,Chicago Bulls,,,,,,,
Sat Jan 2 2027,8:00p,Utah Jazz,,Oklahoma City Thunder,,,,,,,
Sat Jan 2 2027,8:30p,Brooklyn Nets,,Golden State Warriors,,,,,,,
Sat Jan 2 2027,9:00p,Sacramento Kings,,Phoenix Suns,,,,,,,
Sat Jan 2 2027,10:00p,Boston Celtics,,Portland Trail Blazers,,,,,,,
Sun Jan 3 2027,5:00p,Detroit Pistons,,Denver Nuggets,,,,,,,
Sun Jan 3 2027,5:30p,Charlotte Hornets,,Milwaukee Bucks,,,,,,,
Sun Jan 3 2027,6:00p,Memphis Grizzlies,,Orlando Magic,,,,,,,
Sun Jan 3 2027,7:00p,Los Angeles Lakers,,Toronto Raptors,,,,,,,
Sun Jan 3 2027,7:00p,Los Angeles Clippers,,Washington Wizards,,,,,,,
Sun Jan 3 2027,7:00p,Cleveland Cavaliers,,Houston Rockets,,,,,,,
Sun Jan 3 2027,7:00p,San Antonio Spurs,,Minnesota Timberwolves,,,,,,,
Sun Jan 3 2027,8:00p,Sacramento Kings,,Oklahoma City Thunder,,,,,,,
Mon Jan 4 2027,7:00p,Chicago Bulls,,Indiana Pacers,,,,,,,
Mon Jan 4 2027,7:00p,Atlanta Hawks,,Philadelphia 76ers,,,,,,,
Mon Jan 4 2027,8:00p,Dallas Mavericks,,New Orleans Pelicans,,,,,,,
Mon Jan 4 2027,9:00p,Boston Celtics,,Phoenix Suns,,,,,,,
Mon Jan 4 2027,9:00p,Brooklyn Nets,,Utah Jazz,,,,,,,
Mon Jan 4 2027,10:00p,New York Knicks,,Portland Trail Blazers,,,,,,,
Tue Jan 5 2027,7:00p,Atlanta Hawks,,Charlotte Hornets,,,,,,,
Tue Jan 5 2027,7:00p,Toronto Raptors,,Cleveland Cavaliers,,,,,,,
Tue Jan 5 2027,7:00p,Los Angeles Clippers,,Orlando Magic,,,,,,,
Tue Jan 5 2027,7:00p,Los Angeles Lakers,,Washington Wizards,,,,,,,
Tue Jan 5 2027,7:30p,Memphis Grizzlies,,Miami Heat,,,,,,,
Tue Jan 5 2027,8:00p,Milwaukee Bucks,,Chicago Bulls,,,,,,,
Tue Jan 5 2027,8:00p,Minnesota Timberwolves,,Houston Rockets,,,,,,,
Tue Jan 5 2027,10:00p,Phoenix Suns,,Denver Nuggets,,,,,,,
Tue Jan 5 2027,10:00p,Detroit Pistons,,Sacramento Kings,,,,,,,
Wed Jan 6 2027,7:30p,Utah Jazz,,Brooklyn Nets,,,,,,,
Wed Jan 6 2027,7:30p,Oklahoma City Thunder,,Philadelphia 76ers,,,,,,,
Wed Jan 6 2027,8:00p,Portland Trail Blazers,,New Orleans Pelicans,,,,,,,
Wed Jan 6 2027,8:00p,Indiana Pacers,,San Antonio Spurs,,,,,,,
Wed Jan 6 2027,10:00p,New York Knicks,,Golden State Warriors,,,,,,,
Thu Jan 7 2027,7:00p,Indiana Pacers,,Atlanta Hawks,,,,,,,
Thu Jan 7 2027,7:00p,Denver Nuggets,,Charlotte Hornets,,,,,,,
Thu Jan 7 2027,7:00p,Cleveland Cavaliers,,Orlando Magic,,,,,,,
Thu Jan 7 2027,7:00p,Oklahoma City Thunder,,Washington Wizards,,,,,,,
Thu Jan 7 2027,7:30p,Miami Heat,,Brooklyn Nets,,,,,,,
Thu Jan 7 2027,7:30p,Minnesota Timberwolves,,Toronto Raptors,,,,,,,
Thu Jan 7 2027,8:00p,Portland Trail Blazers,,Dallas Mavericks,,,,,,,
Thu Jan 7 2027,8:00p,Los Angeles Clippers,,Milwaukee Bucks,,,,,,,
Thu Jan 7 2027,8:30p,Memphis Grizzlies,,Houston Rockets,,,,,,,
Thu Jan 7 2027,10:00p,Detroit Pistons,,Golden State Warriors,,,,,,,
Thu Jan 7 2027,10:00p,Boston Celtics,,Los Angeles Lakers,,,,,,,R
Thu Jan 7 2027,10:00p,Chicago Bulls,,Sacramento Kings,,,,,,,
Fri Jan 8 2027,7:00p,Miami Heat,,Philadelphia 76ers,,,,,,,
Fri Jan 8 2027,7:00p,Minnesota Timberwolves,,Washington Wizards,,,,,,,
Fri Jan 8 2027,7:30p,Utah Jazz,,Toronto Raptors,,,,,,,
Fri Jan 8 2027,8:00p,Orlando Magic,,New Orleans Pelicans,,,,,,,
Fri Jan 8 2027,8:00p,Memphis Grizzlies,,San Antonio Spurs,,,,,,,
Fri Jan 8 2027,9:30p,Phoenix Suns,,Dallas Mavericks,,,,,,,
Fri Jan 8 2027,10:00p,Detroit Pistons,,Los Angeles Lakers,,,,,,,
Fri Jan 8 2027,10:00p,New York Knicks,,Sacramento Kings,,,,,,,
Sat Jan 9 2027,5:00p,Denver Nuggets,,Cleveland Cavaliers,,,,,,,
Sat Jan 9 2027,6:00p,Houston Rockets,,Brooklyn Nets,,,,,,,
Sat Jan 9 2027,7:00p,Milwaukee Bucks,,Indiana Pacers,,,,,,,
Sat Jan 9 2027,8:30p,Chicago Bulls,,Golden State Warriors,,,,,,,
Sat Jan 9 2027,10:00p,Charlotte Hornets,,Portland Trail Blazers,,,,,,,
Sat Jan 9 2027,10:30p,Boston Celtics,,Los Angeles Clippers,,,,,,,
Sun Jan 10 2027,3:00p,San Antonio Spurs,,Atlanta Hawks,,,,,,,
Sun Jan 10 2027,6:00p,Utah Jazz,,Detroit Pistons,,,,,,,
Sun Jan 10 2027,6:00p,New Orleans Pelicans,,Miami Heat,,,,,,,
Sun Jan 10 2027,6:00p,Oklahoma City Thunder,,Orlando Magic,,,,,,,
Sun Jan 10 2027,6:00p,Philadelphia 76ers,,Toronto Raptors,,,,,,,
Sun Jan 10 2027,6:00p,Dallas Mavericks,,Memphis Grizzlies,,,,,,,
Sun Jan 10 2027,7:00p,Chicago Bulls,,Phoenix Suns,,,,,,,
Sun Jan 10 2027,9:00p,Charlotte Hornets,,Sacramento Kings,,,,,,,
Mon Jan 11 2027,7:00p,Brooklyn Nets,,Indiana Pacers,,,,,,,
Mon Jan 11 2027,7:00p,Atlanta Hawks,,Washington Wizards,,,,,,,
Mon Jan 11 2027,7:30p,Houston Rockets,,Boston Celtics,,,,,,,
Mon Jan 11 2027,7:30p,Denver Nuggets,,New York Knicks,,,,,,,
Mon Jan 11 2027,8:00p,Cleveland Cavaliers,,Minnesota Timberwolves,,,,,,,
Mon Jan 11 2027,10:00p,Los Angeles Lakers,,Los Angeles Clippers,,,,,,,
Tue Jan 12 2027,7:30p,Brooklyn Nets,,Miami Heat,,,,,,,
Tue Jan 12 2027,7:30p,Detroit Pistons,,Toronto Raptors,,,,,,,
Tue Jan 12 2027,8:00p,Washington Wizards,,Philadelphia 76ers,,,,,,,
Tue Jan 12 2027,8:00p,Dallas Mavericks,,Memphis Grizzlies,,,,,,,
Tue Jan 12 2027,8:00p,Denver Nuggets,,Milwaukee Bucks,,,,,,,
Tue Jan 12 2027,9:00p,Chicago Bulls,,Utah Jazz,,,,,,,
Tue Jan 12 2027,10:00p,Orlando Magic,,Portland Trail Blazers,,,,,,,
Tue Jan 12 2027,11:00p,Sacramento Kings,,Golden State Warriors,,,,,,,
Wed Jan 13 2027,7:00p,Cleveland Cavaliers,,Atlanta Hawks,,,,,,,
Wed Jan 13 2027,7:00p,New York Knicks,,Boston Celtics,,,,,,,
Wed Jan 13 2027,7:00p,Milwaukee Bucks,,Indiana Pacers,,,,,,,
Wed Jan 13 2027,7:30p,Phoenix Suns,,Toronto Raptors,,,,,,,
Wed Jan 13 2027,9:30p,Houston Rockets,,Oklahoma City Thunder,,,,,,,
Wed Jan 13 2027,10:00p,Charlotte Hornets,,Golden State Warriors,,,,,,,
Wed Jan 13 2027,10:00p,Los Angeles Lakers,,Portland Trail Blazers,,,,,,,
Thu Jan 14 2027,2:00p,New Orleans Pelicans,,San Antonio Spurs,,,,,,,Neutral
Thu Jan 14 2027,7:00p,Dallas Mavericks,,Detroit Pistons,,,,,,,
Thu Jan 14 2027,7:00p,Brooklyn Nets,,Philadelphia 76ers,,,,,,,
Thu Jan 14 2027,7:30p,Miami Heat,,New York Knicks,,,,,,,
Thu Jan 14 2027,8:00p,Minnesota Timberwolves,,Chicago Bulls,,,,,,,
Thu Jan 14 2027,9:00p,Memphis Grizzlies,,Denver Nuggets,,,,,,,
Thu Jan 14 2027,9:00p,Charlotte Hornets,,Utah Jazz,,,,,,,
Thu Jan 14 2027,10:00p,Orlando Magic,,Los Angeles Lakers,,,,,,,
Thu Jan 14 2027,10:00p,Los Angeles Clippers,,Sacramento Kings,,,,,,,
Fri Jan 15 2027,7:00p,Golden State Warriors,,Atlanta Hawks,,,,,,,
Fri Jan 15 2027,7:00p,Phoenix Suns,,Indiana Pacers,,,,,,,
Fri Jan 15 2027,7:30p,Miami Heat,,Toronto Raptors,,,,,,,
Fri Jan 15 2027,8:00p,Cleveland Cavaliers,,Milwaukee Bucks,,,,,,,
Fri Jan 15 2027,8:00p,Utah Jazz,,Oklahoma City Thunder,,,,,,,
Fri Jan 15 2027,8:30p,Washington Wizards,,Houston Rockets,,,,,,,
Fri Jan 15 2027,10:00p,Sacramento Kings,,Portland Trail Blazers,,,,,,,
Fri Jan 15 2027,10:30p,Orlando Magic,,Los Angeles Clippers,,,,,,,
Sat Jan 16 2027,12:30p,Minnesota Timberwolves,,Philadelphia 76ers,,,,,,,
Sat Jan 16 2027,7:00p,Brooklyn Nets,,Boston Celtics,,,,,,,
Sat Jan 16 2027,7:30p,Dallas Mavericks,,New York Knicks,,,,,,,
Sat Jan 16 2027,8:00p,Cleveland Cavaliers,,Memphis Grizzlies,,,,,,,
Sat Jan 16 2027,8:30p,Detroit Pistons,,Houston Rockets,,,,,,,
Sat Jan 16 2027,9:00p,Charlotte Hornets,,Denver Nuggets,,,,,,,
Sun Jan 17 2027,10:30a,San Antonio Spurs,,New Orleans Pelicans,,,,,,,Neutral
Sun Jan 17 2027,1:00p,Indiana Pacers,,Washington Wizards,,,,,,,
Sun Jan 17 2027,3:30p,Toronto Raptors,,Chicago Bulls,,,,,,,
Sun Jan 17 2027,3:30p,Portland Trail Blazers,,Oklahoma City Thunder,,,,,,,
Sun Jan 17 2027,5:00p,Sacramento Kings,,Utah Jazz,,,,,,,
Sun Jan 17 2027,6:00p,Golden State Warriors,,Miami Heat,,,,,,,
Sun Jan 17 2027,8:00p,Orlando Magic,,Denver Nuggets,,,,,,,
Sun Jan 17 2027,9:00p,Milwaukee Bucks,,Los Angeles Lakers,,,,,,,
Mon Jan 18 2027,12:00p,Detroit Pistons,,Cleveland Cavaliers,,,,,,,
Mon Jan 18 2027,2:30p,Philadelphia 76ers,,Atlanta Hawks,,,,,,,
Mon Jan 18 2027,3:00p,Boston Celtics,,Washington Wizards,,,,,,,
Mon Jan 18 2027,5:00p,Minnesota Timberwolves,,New York Knicks,,,,,,,R
Mon Jan 18 2027,7:30p,Houston Rockets,,Memphis Grizzlies,,,,,,,
Mon Jan 18 2027,8:00p,Oklahoma City Thunder,,Dallas Mavericks,,,,,,,
Mon Jan 18 2027,10:30p,Phoenix Suns,,Los Angeles Clippers,,,,,,,
Tue Jan 19 2027,7:00p,Golden State Warriors,,Orlando Magic,,,,,,,
Tue Jan 19 2027,7:00p,Indiana Pacers,,Philadelphia 76ers,,,,,,,
Tue Jan 19 2027,7:00p,Chicago Bulls,,Toronto Raptors,,,,,,,
Tue Jan 19 2027,7:30p,Portland Trail Blazers,,Miami Heat,,,,,,,
Tue Jan 19 2027,8:00p,Charlotte Hornets,,Dallas Mavericks,,,,,,,
Tue Jan 19 2027,10:00p,Utah Jazz,,Denver Nuggets,,,,,,,
Tue Jan 19 2027,10:00p,Los Angeles Lakers,,Sacramento Kings,,,,,,,
Wed Jan 20 2027,7:00p,Portland Trail Blazers,,Atlanta Hawks,,,,,,,
Wed Jan 20 2027,7:00p,Chicago Bulls,,Brooklyn Nets,,,,,,,
Wed Jan 20 2027,7:30p,Indiana Pacers,,Boston Celtics,,,,,,,
Wed Jan 20 2027,7:30p,Toronto Raptors,,New York Knicks,,,,,,,
Wed Jan 20 2027,8:00p,Houston Rockets,,Minnesota Timberwolves,,,,,,,
Wed Jan 20 2027,8:00p,Oklahoma City Thunder,,New Orleans Pelicans,,,,,,,
Wed Jan 20 2027,9:00p,Memphis Grizzlies,,Phoenix Suns,,,,,,,
Wed Jan 20 2027,9:00p,Los Angeles Clippers,,Utah Jazz,,,,,,,
Wed Jan 20 2027,9:30p,Miami Heat,,San Antonio Spurs,,,,,,,
Wed Jan 20 2027,10:00p,Milwaukee Bucks,,Sacramento Kings,,,,,,,
Thu Jan 21 2027,7:30p,Philadelphia 76ers,,Boston Celtics,,,,,,,R
Thu Jan 21 2027,7:30p,Cleveland Cavaliers,,Brooklyn Nets,,,,,,,
Thu Jan 21 2027,9:00p,Washington Wizards,,Denver Nuggets,,,,,,,
Thu Jan 21 2027,10:00p,Los Angeles Lakers,,Golden State Warriors,,,,,,,
Fri Jan 22 2027,7:00p,New York Knicks,,Atlanta Hawks,,,,,,,
Fri Jan 22 2027,7:00p,Houston Rockets,,Charlotte Hornets,,,,,,,
Fri Jan 22 2027,7:00p,Portland Trail Blazers,,Orlando Magic,,,,,,,
Fri Jan 22 2027,7:30p,Indiana Pacers,,Detroit Pistons,,,,,,,
Fri Jan 22 2027,8:00p,Dallas Mavericks,,New Orleans Pelicans,,,,,,,
Fri Jan 22 2027,8:00p,Memphis Grizzlies,,Oklahoma City Thunder,,,,,,,
Fri Jan 22 2027,9:00p,Utah Jazz,,Phoenix Suns,,,,,,,
Fri Jan 22 2027,9:30p,Minnesota Timberwolves,,San Antonio Spurs,,,,,,,
Fri Jan 22 2027,10:00p,Milwaukee Bucks,,Golden State Warriors,,,,,,,
Fri Jan 22 2027,10:00p,Sacramento Kings,,Los Angeles Lakers,,,,,,,
Fri Jan 22 2027,10:30p,Washington Wizards,,Los Angeles Clippers,,,,,,,
Sat Jan 23 2027,5:00p,Philadelphia 76ers,,Chicago Bulls,,,,,,,
Sat Jan 23 2027,6:00p,Toronto Raptors,,Brooklyn Nets,,,,,,,
Sat Jan 23 2027,7:00p,Charlotte Hornets,,Boston Celtics,,,,,,,
Sat Jan 23 2027,8:00p,Atlanta Hawks,,Miami Heat,,,,,,,
Sat Jan 23 2027,8:00p,Cleveland Cavaliers,,Dallas Mavericks,,,,,,,
Sat Jan 23 2027,9:00p,Milwaukee Bucks,,Denver Nuggets,,,,,,,
Sun Jan 24 2027,3:30p,Portland Trail Blazers,,San Antonio Spurs,,,,,,,
Sun Jan 24 2027,4:00p,Utah Jazz,,Phoenix Suns,,,,,,,
Sun Jan 24 2027,4:00p,Washington Wizards,,Los Angeles Lakers,,,,,,,
Sun Jan 24 2027,6:00p,Minnesota Timberwolves,,Detroit Pistons,,,,,,,
Sun Jan 24 2027,6:00p,Houston Rockets,,Orlando Magic,,,,,,,
Sun Jan 24 2027,7:00p,Los Angeles Clippers,,New York Knicks,,,,,,,
Sun Jan 24 2027,8:30p,Oklahoma City Thunder,,Golden State Warriors,,,,,,,
Mon Jan 25 2027,7:00p,Toronto Raptors,,Boston Celtics,,,,,,,
Mon Jan 25 2027,7:00p,Orlando Magic,,Charlotte Hornets,,,,,,,
Mon Jan 25 2027,7:00p,Los Angeles Clippers,,Philadelphia 76ers,,,,,,,
Mon Jan 25 2027,7:30p,Miami Heat,,Brooklyn Nets,,,,,,,
Mon Jan 25 2027,8:00p,Dallas Mavericks,,Chicago Bulls,,,,,,,
Mon Jan 25 2027,8:00p,Minnesota Timberwolves,,Memphis Grizzlies,,,,,,,
Mon Jan 25 2027,8:00p,Cleveland Cavaliers,,New Orleans Pelicans,,,,,,,
Mon Jan 25 2027,9:30p,Sacramento Kings,,Denver Nuggets,,,,,,,
Tue Jan 26 2027,7:00p,Atlanta Hawks,,Detroit Pistons,,,,,,,
Tue Jan 26 2027,7:00p,Chicago Bulls,,Indiana Pacers,,,,,,,
Tue Jan 26 2027,7:30p,Phoenix Suns,,New York Knicks,,,,,,,
Tue Jan 26 2027,8:00p,Houston Rockets,,San Antonio Spurs,,,,,,,
Tue Jan 26 2027,9:00p,Milwaukee Bucks,,Utah Jazz,,,,,,,
Tue Jan 26 2027,10:00p,Washington Wizards,,Portland Trail Blazers,,,,,,,
Tue Jan 26 2027,11:00p,Oklahoma City Thunder,,Los Angeles Lakers,,,,,,,
Wed Jan 27 2027,7:00p,Detroit Pistons,,Cleveland Cavaliers,,,,,,,
Wed Jan 27 2027,7:00p,Sacramento Kings,,Philadelphia 76ers,,,,,,,
Wed Jan 27 2027,7:30p,Los Angeles Clippers,,Boston Celtics,,,,,,,
Wed Jan 27 2027,7:30p,Phoenix Suns,,Brooklyn Nets,,,,,,,
Wed Jan 27 2027,7:30p,Dallas Mavericks,,Toronto Raptors,,,,,,,
Wed Jan 27 2027,8:00p,Charlotte Hornets,,San Antonio Spurs,,,,,,,
Wed Jan 27 2027,8:30p,New Orleans Pelicans,,Houston Rockets,,,,,,,
Wed Jan 27 2027,9:30p,Denver Nuggets,,Minnesota Timberwolves,,,,,,,
Wed Jan 27 2027,10:00p,Golden State Warriors,,Portland Trail Blazers,,,,,,,
Thu Jan 28 2027,7:00p,Los Angeles Lakers,,Indiana Pacers,,,,,,,
Thu Jan 28 2027,7:00p,Atlanta Hawks,,New York Knicks,,,,,,,
Thu Jan 28 2027,7:00p,Chicago Bulls,,Orlando Magic,,,,,,,
Thu Jan 28 2027,7:00p,Sacramento Kings,,Washington Wizards,,,,,,,
Thu Jan 28 2027,8:00p,Philadelphia 76ers,,New Orleans Pelicans,,,,,,,
Thu Jan 28 2027,8:00p,Memphis Grizzlies,,Oklahoma City Thunder,,,,,,,
Thu Jan 28 2027,9:00p,Golden State Warriors,,Utah Jazz,,,,,,,
Thu Jan 28 2027,9:30p,Miami Heat,,Milwaukee Bucks,,,,,,,R
Fri Jan 29 2027,7:00p,Cleveland Cavaliers,,Toronto Raptors,,,,,,,
Fri Jan 29 2027,7:30p,Phoenix Suns,,Boston Celtics,,,,,,,
Fri Jan 29 2027,7:30p,Los Angeles Clippers,,Brooklyn Nets,,,,,,,
Fri Jan 29 2027,8:00p,Detroit Pistons,,Dallas Mavericks,,,,,,,
Fri Jan 29 2027,8:30p,Orlando Magic,,Houston Rockets,,,,,,,
Fri Jan 29 2027,9:30p,Charlotte Hornets,,Minnesota Timberwolves,,,,,,,
Sat Jan 30 2027,12:30p,Philadelphia 76ers,,Miami Heat,,,,,,,
Sat Jan 30 2027,3:00p,Denver Nuggets,,Oklahoma City Thunder,,,,,,,
Sat Jan 30 2027,5:30p,San Antonio Spurs,,Golden State Warriors,,,,,,,
Sat Jan 30 2027,7:00p,Washington Wizards,,Indiana Pacers,,,,,,,
Sat Jan 30 2027,7:30p,New Orleans Pelicans,,Cleveland Cavaliers,,,,,,,
Sat Jan 30 2027,8:00p,Atlanta Hawks,,Milwaukee Bucks,,,,,,,
Sat Jan 30 2027,8:30p,Los Angeles Lakers,,New York Knicks,,,,,,,R
Sat Jan 30 2027,9:30p,Memphis Grizzlies,,Utah Jazz,,,,,,,
Sun Jan 31 2027,3:00p,Sacramento Kings,,Detroit Pistons,,,,,,,
Sun Jan 31 2027,6:00p,Brooklyn Nets,,Orlando Magic,,,,,,,
Sun Jan 31 2027,6:00p,Boston Celtics,,Toronto Raptors,,,,,,,
Sun Jan 31 2027,6:00p,Phoenix Suns,,Minnesota Timberwolves,,,,,,,
Sun Jan 31 2027,6:00p,Chicago Bulls,,Oklahoma City Thunder,,,,,,,
Sun Jan 31 2027,7:00p,Los Angeles Lakers,,Charlotte Hornets,,,,,,,
Sun Jan 31 2027,8:00p,Portland Trail Blazers,,Denver Nuggets,,,,,,,
Sun Jan 31 2027,8:30p,Houston Rockets,,Dallas Mavericks,,,,,,,
Mon Feb 1 2027,7:00p,Washington Wizards,,Atlanta Hawks,,,,,,,
Mon Feb 1 2027,7:00p,New Orleans Pelicans,,Philadelphia 76ers,,,,,,,
Mon Feb 1 2027,7:30p,New York Knicks,,Brooklyn Nets,,,,,,,
Mon Feb 1 2027,7:30p,Miami Heat,,Indiana Pacers,,,,,,,
Mon Feb 1 2027,8:00p,Memphis Grizzlies,,Milwaukee Bucks,,,,,,,
Mon Feb 1 2027,9:00p,Cleveland Cavaliers,,Utah Jazz,,,,,,,
Mon Feb 1 2027,10:00p,San Antonio Spurs,,Golden State Warriors,,,,,,,
Tue Feb 2 2027,7:00p,Chicago Bulls,,Detroit Pistons,,,,,,,
Tue Feb 2 2027,7:00p,New Orleans Pelicans,,Orlando Magic,,,,,,,
Tue Feb 2 2027,7:30p,Charlotte Hornets,,Miami Heat,,,,,,,
Tue Feb 2 2027,8:00p,Los Angeles Lakers,,Boston Celtics,,,,,,,
Tue Feb 2 2027,8:00p,Toronto Raptors,,Dallas Mavericks,,,,,,,
Tue Feb 2 2027,9:00p,Oklahoma City Thunder,,Denver Nuggets,,,,,,,
Tue Feb 2 2027,10:30p,San Antonio Spurs,,Los Angeles Clippers,,,,,,,
Tue Feb 2 2027,11:00p,Minnesota Timberwolves,,Portland Trail Blazers,,,,,,,
Wed Feb 3 2027,7:00p,New York Knicks,,Detroit Pistons,,,,,,,
Wed Feb 3 2027,7:00p,Atlanta Hawks,,Indiana Pacers,,,,,,,
Wed Feb 3 2027,8:00p,Philadelphia 76ers,,Memphis Grizzlies,,,,,,,
Wed Feb 3 2027,9:00p,Cleveland Cavaliers,,Phoenix Suns,,,,,,,
Wed Feb 3 2027,9:30p,Utah Jazz,,Houston Rockets,,,,,,,
Wed Feb 3 2027,10:30p,Golden State Warriors,,Los Angeles Clippers,,,,,,,
Thu Feb 4 2027,7:00p,New Orleans Pelicans,,Washington Wizards,,,,,,,
Thu Feb 4 2027,7:30p,Los Angeles Lakers,,Brooklyn Nets,,,,,,,
Thu Feb 4 2027,7:30p,Boston Celtics,,Charlotte Hornets,,,,,,,
Thu Feb 4 2027,7:30p,Milwaukee Bucks,,Miami Heat,,,,,,,
Thu Feb 4 2027,7:30p,Toronto Raptors,,New York Knicks,,,,,,,
Thu Feb 4 2027,8:00p,Oklahoma City Thunder,,Chicago Bulls,,,,,,,
Thu Feb 4 2027,8:00p,Orlando Magic,,San Antonio Spurs,,,,,,,
Thu Feb 4 2027,10:00p,Dallas Mavericks,,Denver Nuggets,,,,,,,
Thu Feb 4 2027,10:00p,Cleveland Cavaliers,,Portland Trail Blazers,,,,,,,
Thu Feb 4 2027,10:00p,Minnesota Timberwolves,,Sacramento Kings,,,,,,,
Fri Feb 5 2027,7:00p,Boston Celtics,,Atlanta Hawks,,,,,,,
Fri Feb 5 2027,7:00p,Golden State Warriors,,Charlotte Hornets,,,,,,,
Fri Feb 5 2027,7:00p,Detroit Pistons,,Philadelphia 76ers,,,,,,,
Fri Feb 5 2027,9:00p,Los Angeles Clippers,,Denver Nuggets,,,,,,,
Fri Feb 5 2027,9:00p,Houston Rockets,,Phoenix Suns,,,,,,,
Fri Feb 5 2027,9:30p,Indiana Pacers,,Oklahoma City Thunder,,,,,,,
Sat Feb 6 2027,3:00p,Utah Jazz,,Dallas Mavericks,,,,,,,
Sat Feb 6 2027,3:00p,Miami Heat,,Minnesota Timberwolves,,,,,,,
Sat Feb 6 2027,5:30p,Portland Trail Blazers,,Memphis Grizzlies,,,,,,,
Sat Feb 6 2027,6:00p,Washington Wizards,,Brooklyn Nets,,,,,,,
Sat Feb 6 2027,7:30p,Orlando Magic,,Cleveland Cavaliers,,,,,,,
Sat Feb 6 2027,7:30p,Milwaukee Bucks,,Toronto Raptors,,,,,,,
Sat Feb 6 2027,8:00p,New Orleans Pelicans,,Chicago Bulls,,,,,,,
Sat Feb 6 2027,8:30p,Los Angeles Lakers,,San Antonio Spurs,,,,,,,R
Sat Feb 6 2027,10:00p,Phoenix Suns,,Sacramento Kings,,,,,,,
Sun Feb 7 2027,3:00p,Denver Nuggets,,Atlanta Hawks,,,,,,,
Sun Feb 7 2027,3:00p,Golden State Warriors,,Detroit Pistons,,,,,,,
Sun Feb 7 2027,3:30p,Utah Jazz,,Minnesota Timberwolves,,,,,,,
Sun Feb 7 2027,4:30p,Los Angeles Clippers,,Dallas Mavericks,,,,,,,
Sun Feb 7 2027,6:00p,Charlotte Hornets,,Toronto Raptors,,,,,,,
Sun Feb 7 2027,7:00p,Boston Celtics,,Philadelphia 76ers,,,,,,,R
Sun Feb 7 2027,9:30p,New York Knicks,,Oklahoma City Thunder,,,,,,,
Sun Feb 7 2027,10:30p,Houston Rockets,,Sacramento Kings,,,,,,,
Mon Feb 8 2027,7:00p,Miami Heat,,Atlanta Hawks,,,,,,,
Mon Feb 8 2027,7:00p,New Orleans Pelicans,,Indiana Pacers,,,,,,,
Mon Feb 8 2027,7:00p,Brooklyn Nets,,Philadelphia 76ers,,,,,,,
Mon Feb 8 2027,7:00p,Chicago Bulls,,Washington Wizards,,,,,,,
Mon Feb 8 2027,8:00p,Portland Trail Blazers,,Memphis Grizzlies,,,,,,,
Mon Feb 8 2027,8:00p,Orlando Magic,,Milwaukee Bucks,,,,,,,
Mon Feb 8 2027,9:30p,Los Angeles Lakers,,Phoenix Suns,,,,,,,
Tue Feb 9 2027,7:00p,Toronto Raptors,,Cleveland Cavaliers,,,,,,,
Tue Feb 9 2027,7:30p,Denver Nuggets,,Boston Celtics,,,,,,,
Tue Feb 9 2027,7:30p,Minnesota Timberwolves,,Brooklyn Nets,,,,,,,
Tue Feb 9 2027,7:30p,Charlotte Hornets,,New York Knicks,,,,,,,
Tue Feb 9 2027,8:00p,Golden State Warriors,,Chicago Bulls,,,,,,,
Tue Feb 9 2027,8:00p,San Antonio Spurs,,Dallas Mavericks,,,,,,,
Tue Feb 9 2027,8:00p,Sacramento Kings,,Milwaukee Bucks,,,,,,,
Tue Feb 9 2027,8:00p,Portland Trail Blazers,,Oklahoma City Thunder,,,,,,,
Tue Feb 9 2027,10:00p,Houston Rockets,,Utah Jazz,,,,,,,
Tue Feb 9 2027,10:30p,Detroit Pistons,,Los Angeles Clippers,,,,,,,
Wed Feb 10 2027,7:00p,New Orleans Pelicans,,Atlanta Hawks,,,,,,,
Wed Feb 10 2027,7:00p,Cleveland Cavaliers,,Indiana Pacers,,,,,,,
Wed Feb 10 2027,7:00p,Miami Heat,,Washington Wizards,,,,,,,
Wed Feb 10 2027,7:30p,Golden State Warriors,,Boston Celtics,,,,,,,
Wed Feb 10 2027,8:00p,Orlando Magic,,Memphis Grizzlies,,,,,,,
Wed Feb 10 2027,9:00p,Detroit Pistons,,Phoenix Suns,,,,,,,
Wed Feb 10 2027,10:00p,Los Angeles Clippers,,Los Angeles Lakers,,,,,,,
Thu Feb 11 2027,7:00p,Milwaukee Bucks,,Charlotte Hornets,,,,,,,
Thu Feb 11 2027,7:00p,Utah Jazz,,Indiana Pacers,,,,,,,
Thu Feb 11 2027,7:00p,New York Knicks,,Philadelphia 76ers,,,,,,,
Thu Feb 11 2027,8:00p,Portland Trail Blazers,,Dallas Mavericks,,,,,,,
Thu Feb 11 2027,8:30p,Sacramento Kings,,Houston Rockets,,,,,,,
Thu Feb 11 2027,9:00p,Chicago Bulls,,Denver Nuggets,,,,,,,
Thu Feb 11 2027,9:30p,San Antonio Spurs,,Oklahoma City Thunder,,,,,,,R
Fri Feb 12 2027,7:00p,Phoenix Suns,,Atlanta Hawks,,,,,,,
Fri Feb 12 2027,7:00p,Miami Heat,,Orlando Magic,,,,,,,
Fri Feb 12 2027,7:00p,Brooklyn Nets,,Washington Wizards,,,,,,,
Fri Feb 12 2027,7:30p,Cleveland Cavaliers,,Toronto Raptors,,,,,,,
Fri Feb 12 2027,8:00p,Minnesota Timberwolves,,Boston Celtics,,,,,,,
Fri Feb 12 2027,8:00p,Los Angeles Clippers,,Memphis Grizzlies,,,,,,,
Fri Feb 12 2027,8:00p,Houston Rockets,,New Orleans Pelicans,,,,,,,
Fri Feb 12 2027,10:30p,Denver Nuggets,,Los Angeles Lakers,,,,,,,
Sat Feb 13 2027,2:00p,Sacramento Kings,,Indiana Pacers,,,,,,,
Sat Feb 13 2027,3:00p,Dallas Mavericks,,Charlotte Hornets,,,,,,,
Sat Feb 13 2027,3:30p,Detroit Pistons,,Portland Trail Blazers,,,,,,,
Sat Feb 13 2027,5:30p,Philadelphia 76ers,,Oklahoma City Thunder,,,,,,,
Sat Feb 13 2027,7:00p,San Antonio Spurs,,Orlando Magic,,,,,,,
Sat Feb 13 2027,7:00p,Milwaukee Bucks,,Washington Wizards,,,,,,,
Sat Feb 13 2027,8:30p,Golden State Warriors,,New York Knicks,,,,,,,R
Sun Feb 14 2027,1:00p,Sacramento Kings,,Atlanta Hawks,,,,,,,
Sun Feb 14 2027,1:00p,Toronto Raptors,,Boston Celtics,,,,,,,
Sun Feb 14 2027,1:00p,Phoenix Suns,,Cleveland Cavaliers,,,,,,,
Sun Feb 14 2027,1:00p,Brooklyn Nets,,Miami Heat,,,,,,,
Sun Feb 14 2027,2:00p,Denver Nuggets,,Houston Rockets,,,,,,,
Sun Feb 14 2027,2:00p,Los Angeles Clippers,,New Orleans Pelicans,,,,,,,
Sun Feb 14 2027,3:30p,Chicago Bulls,,Portland Trail Blazers,,,,,,,
Mon Feb 15 2027,12:00p,Minnesota Timberwolves,,Charlotte Hornets,,,,,,,
Mon Feb 15 2027,2:30p,Philadelphia 76ers,,Dallas Mavericks,,,,,,,
Mon Feb 15 2027,5:00p,San Antonio Spurs,,Miami Heat,,,,,,,
Mon Feb 15 2027,7:00p,Phoenix Suns,,Washington Wizards,,,,,,,
Mon Feb 15 2027,7:30p,Indiana Pacers,,Golden State Warriors,,,,,,,
Mon Feb 15 2027,8:00p,New York Knicks,,Memphis Grizzlies,,,,,,,
Mon Feb 15 2027,8:00p,Orlando Magic,,Oklahoma City Thunder,,,,,,,
Mon Feb 15 2027,9:00p,Detroit Pistons,,Utah Jazz,,,,,,,
Tue Feb 16 2027,7:00p,Milwaukee Bucks,,Cleveland Cavaliers,,,,,,,
Tue Feb 16 2027,8:00p,Toronto Raptors,,Atlanta Hawks,,,,,,,
Tue Feb 16 2027,10:00p,Chicago Bulls,,Los Angeles Lakers,,,,,,,
Tue Feb 16 2027,10:00p,New Orleans Pelicans,,Portland Trail Blazers,,,,,,,
Tue Feb 16 2027,11:00p,Houston Rockets,,Los Angeles Clippers,,,,,,,
Wed Feb 17 2027,7:00p,Toronto Raptors,,Charlotte Hornets,,,,,,,
Wed Feb 17 2027,7:00p,Milwaukee Bucks,,Cleveland Cavaliers,,,,,,,
Wed Feb 17 2027,7:00p,New York Knicks,,Detroit Pistons,,,,,,,
Wed Feb 17 2027,7:00p,Dallas Mavericks,,Orlando Magic,,,,,,,
Wed Feb 17 2027,7:00p,Phoenix Suns,,Philadelphia 76ers,,,,,,,
Wed Feb 17 2027,7:00p,Miami Heat,,Washington Wizards,,,,,,,
Wed Feb 17 2027,7:30p,Atlanta Hawks,,Brooklyn Nets,,,,,,,
Wed Feb 17 2027,8:00p,San Antonio Spurs,,Memphis Grizzlies,,,,,,,
Wed Feb 17 2027,9:00p,Utah Jazz,,Denver Nuggets,,,,,,,
Wed Feb 17 2027,9:30p,Boston Celtics,,Oklahoma City Thunder,,,,,,,
Wed Feb 17 2027,10:00p,New Orleans Pelicans,,Golden State Warriors,,,,,,,
Wed Feb 17 2027,10:00p,Indiana Pacers,,Sacramento Kings,,,,,,,
Wed Feb 17 2027,10:30p,Chicago Bulls,,Los Angeles Clippers,,,,,,,
Thu Feb 18 2027,7:30p,San Antonio Spurs,,Minnesota Timberwolves,,,,,,,
Thu Feb 18 2027,8:00p,Boston Celtics,,Memphis Grizzlies,,,,,,,
Thu Feb 18 2027,10:00p,Houston Rockets,,Los Angeles Lakers,,,,,,,
Thu Feb 18 2027,10:00p,Indiana Pacers,,Portland Trail Blazers,,,,,,,
Thu Feb 25 2027,7:00p,Sacramento Kings,,Cleveland Cavaliers,,,,,,,
Thu Feb 25 2027,7:00p,Miami Heat,,Detroit Pistons,,,,,,,
Thu Feb 25 2027,7:00p,Charlotte Hornets,,Orlando Magic,,,,,,,
Thu Feb 25 2027,7:30p,Philadelphia 76ers,,Brooklyn Nets,,,,,,,
Thu Feb 25 2027,7:30p,Oklahoma City Thunder,,New York Knicks,,,,,,,
Thu Feb 25 2027,8:00p,Atlanta Hawks,,Chicago Bulls,,,,,,,
Thu Feb 25 2027,8:00p,Washington Wizards,,Milwaukee Bucks,,,,,,,
Thu Feb 25 2027,8:00p,Phoenix Suns,,New Orleans Pelicans,,,,,,,
Thu Feb 25 2027,10:00p,Dallas Mavericks,,Golden State Warriors,,,,,,,
Thu Feb 25 2027,10:30p,Utah Jazz,,Los Angeles Clippers,,,,,,,
Fri Feb 26 2027,7:30p,Cleveland Cavaliers,,Boston Celtics,,,,,,,
Fri Feb 26 2027,7:30p,Atlanta Hawks,,Toronto Raptors,,,,,,,
Fri Feb 26 2027,8:00p,Indiana Pacers,,Minnesota Timberwolves,,,,,,,
Fri Feb 26 2027,8:00p,Memphis Grizzlies,,San Antonio Spurs,,,,,,,
Fri Feb 26 2027,8:30p,Charlotte Hornets,,Houston Rockets,,,,,,,
Fri Feb 26 2027,10:00p,Los Angeles Lakers,,Denver Nuggets,,,,,,,
Fri Feb 26 2027,10:00p,Dallas Mavericks,,Portland Trail Blazers,,,,,,,
Sat Feb 27 2027,3:00p,Washington Wizards,,Utah Jazz,,,,,,,
Sat Feb 27 2027,5:30p,Oklahoma City Thunder,,Detroit Pistons,,,,,,,
Sat Feb 27 2027,8:00p,Brooklyn Nets,,Chicago Bulls,,,,,,,
Sat Feb 27 2027,8:00p,Sacramento Kings,,Memphis Grizzlies,,,,,,,
Sat Feb 27 2027,8:30p,Philadelphia 76ers,,New York Knicks,,,,,,,R
Sat Feb 27 2027,9:00p,New Orleans Pelicans,,Phoenix Suns,,,,,,,
Sun Feb 28 2027,1:00p,Denver Nuggets,,San Antonio Spurs,,,,,,,
Sun Feb 28 2027,3:30p,Los Angeles Lakers,,Dallas Mavericks,,,,,,,R
Sun Feb 28 2027,4:00p,Toronto Raptors,,Indiana Pacers,,,,,,,
Sun Feb 28 2027,4:30p,Atlanta Hawks,,Orlando Magic,,,,,,,
Sun Feb 28 2027,7:00p,Sacramento Kings,,Charlotte Hornets,,,,,,,
Sun Feb 28 2027,7:00p,Boston Celtics,,Minnesota Timberwolves,,,,,,,
Sun Feb 28 2027,7:30p,Milwaukee Bucks,,New York Knicks,,,,,,,
Sun Feb 28 2027,9:30p,Miami Heat,,Houston Rockets,,,,,,,
Sun Feb 28 2027,10:30p,Portland Trail Blazers,,Los Angeles Clippers,,,,,,,
Mon Mar 1 2027,7:00p,Philadelphia 76ers,,Cleveland Cavaliers,,,,,,,
Mon Mar 1 2027,7:00p,Chicago Bulls,,Detroit Pistons,,,,,,,
Mon Mar 1 2027,8:00p,Utah Jazz,,New Orleans Pelicans,,,,,,,
Mon Mar 1 2027,8:30p,Golden State Warriors,,Houston Rockets,,,,,,,
Mon Mar 1 2027,9:00p,Brooklyn Nets,,Denver Nuggets,,,,,,,
Mon Mar 1 2027,9:30p,Washington Wizards,,Phoenix Suns,,,,,,,
Tue Mar 2 2027,7:00p,Boston Celtics,,Indiana Pacers,,,,,,,
Tue Mar 2 2027,7:00p,Los Angeles Lakers,,Orlando Magic,,,,,,,
Tue Mar 2 2027,7:30p,Toronto Raptors,,Miami Heat,,,,,,,
Tue Mar 2 2027,7:30p,Memphis Grizzlies,,New York Knicks,,,,,,,
Tue Mar 2 2027,8:00p,Golden State Warriors,,Dallas Mavericks,,,,,,,
Tue Mar 2 2027,8:00p,Detroit Pistons,,Milwaukee Bucks,,,,,,,
Tue Mar 2 2027,8:00p,Minnesota Timberwolves,,Oklahoma City Thunder,,,,,,,
Tue Mar 2 2027,10:00p,Washington Wizards,,Sacramento Kings,,,,,,,
Tue Mar 2 2027,11:00p,Los Angeles Clippers,,Portland Trail Blazers,,,,,,,
Wed Mar 3 2027,7:00p,Chicago Bulls,,Atlanta Hawks,,,,,,,
Wed Mar 3 2027,7:00p,Charlotte Hornets,,Philadelphia 76ers,,,,,,,
Wed Mar 3 2027,7:30p,Toronto Raptors,,Miami Heat,,,,,,,
Wed Mar 3 2027,8:00p,Utah Jazz,,Milwaukee Bucks,,,,,,,
Wed Mar 3 2027,8:30p,New Orleans Pelicans,,Houston Rockets,,,,,,,
Wed Mar 3 2027,9:00p,Brooklyn Nets,,Phoenix Suns,,,,,,,
Wed Mar 3 2027,10:00p,San Antonio Spurs,,Denver Nuggets,,,,,,,
Thu Mar 4 2027,7:00p,Portland Trail Blazers,,Cleveland Cavaliers,,,,,,,
Thu Mar 4 2027,7:00p,Indiana Pacers,,Orlando Magic,,,,,,,
Thu Mar 4 2027,7:00p,Los Angeles Lakers,,Philadelphia 76ers,,,,,,,
Thu Mar 4 2027,7:30p,Memphis Grizzlies,,Atlanta Hawks,,,,,,,
Thu Mar 4 2027,9:30p,New York Knicks,,Dallas Mavericks,,,,,,,
Thu Mar 4 2027,10:00p,Washington Wizards,,Golden State Warriors,,,,,,,
Thu Mar 4 2027,10:00p,Oklahoma City Thunder,,Sacramento Kings,,,,,,,
Thu Mar 4 2027,10:30p,Brooklyn Nets,,Los Angeles Clippers,,,,,,,
Fri Mar 5 2027,7:00p,Boston Celtics,,Detroit Pistons,,,,,,,
Fri Mar 5 2027,7:00p,Utah Jazz,,Orlando Magic,,,,,,,
Fri Mar 5 2027,7:30p,Portland Trail Blazers,,Toronto Raptors,,,,,,,
Fri Mar 5 2027,8:00p,Milwaukee Bucks,,New Orleans Pelicans,,,,,,,
Fri Mar 5 2027,9:00p,Minnesota Timberwolves,,Phoenix Suns,,,,,,,
Fri Mar 5 2027,9:30p,San Antonio Spurs,,Houston Rockets,,,,,,,
Sat Mar 6 2027,3:00p,Indiana Pacers,,Miami Heat,,,,,,,
Sat Mar 6 2027,5:00p,Charlotte Hornets,,Chicago Bulls,,,,,,,
Sat Mar 6 2027,5:30p,Atlanta Hawks,,Cleveland Cavaliers,,,,,,,
Sat Mar 6 2027,7:00p,Utah Jazz,,Washington Wizards,,,,,,,
Sat Mar 6 2027,8:00p,New Orleans Pelicans,,Memphis Grizzlies,,,,,,,
Sat Mar 6 2027,8:30p,Oklahoma City Thunder,,Los Angeles Lakers,,,,,,,R
Sat Mar 6 2027,10:00p,Los Angeles Clippers,,Sacramento Kings,,,,,,,
Sun Mar 7 2027,1:00p,Philadelphia 76ers,,Boston Celtics,,,,,,,
Sun Mar 7 2027,3:30p,Minnesota Timberwolves,,Denver Nuggets,,,,,,,R
Sun Mar 7 2027,5:00p,Portland Trail Blazers,,Chicago Bulls,,,,,,,
Sun Mar 7 2027,7:30p,New York Knicks,,San Antonio Spurs,,,,,,,
Sun Mar 7 2027,10:00p,Houston Rockets,,Golden State Warriors,,,,,,,
Sun Mar 7 2027,10:30p,Brooklyn Nets,,Los Angeles Lakers,,,,,,,
Mon Mar 8 2027,7:00p,Charlotte Hornets,,Indiana Pacers,,,,,,,
Mon Mar 8 2027,7:00p,Utah Jazz,,Philadelphia 76ers,,,,,,,
Mon Mar 8 2027,7:30p,Phoenix Suns,,Miami Heat,,,,,,,
Mon Mar 8 2027,8:00p,Atlanta Hawks,,Memphis Grizzlies,,,,,,,
Mon Mar 8 2027,8:00p,New Orleans Pelicans,,Minnesota Timberwolves,,,,,,,
Mon Mar 8 2027,9:30p,Dallas Mavericks,,Oklahoma City Thunder,,,,,,,
Mon Mar 8 2027,10:00p,Denver Nuggets,,Sacramento Kings,,,,,,,
Mon Mar 8 2027,10:30p,Houston Rockets,,Los Angeles Clippers,,,,,,,
Tue Mar 9 2027,7:00p,Phoenix Suns,,Orlando Magic,,,,,,,
Tue Mar 9 2027,7:30p,Milwaukee Bucks,,Brooklyn Nets,,,,,,,
Tue Mar 9 2027,8:00p,Cleveland Cavaliers,,Detroit Pistons,,,,,,,
Tue Mar 9 2027,8:00p,Boston Celtics,,Chicago Bulls,,,,,,,
Tue Mar 9 2027,8:00p,Memphis Grizzlies,,Dallas Mavericks,,,,,,,
Tue Mar 9 2027,8:00p,Washington Wizards,,San Antonio Spurs,,,,,,,
Tue Mar 9 2027,11:00p,Portland Trail Blazers,,Golden State Warriors,,,,,,,
Wed Mar 10 2027,7:00p,New Orleans Pelicans,,Charlotte Hornets,,,,,,,
Wed Mar 10 2027,7:00p,Orlando Magic,,Miami Heat,,,,,,,
Wed Mar 10 2027,7:30p,Oklahoma City Thunder,,Toronto Raptors,,,,,,,
Wed Mar 10 2027,9:00p,Houston Rockets,,Utah Jazz,,,,,,,
Wed Mar 10 2027,9:30p,Atlanta Hawks,,Minnesota Timberwolves,,,,,,,
Wed Mar 10 2027,10:00p,Denver Nuggets,,Portland Trail Blazers,,,,,,,
Wed Mar 10 2027,10:00p,Golden State Warriors,,Sacramento Kings,,,,,,,
Wed Mar 10 2027,10:30p,New York Knicks,,Los Angeles Clippers,,,,,,,
Thu Mar 11 2027,7:00p,Indiana Pacers,,Charlotte Hornets,,,,,,,
Thu Mar 11 2027,7:00p,Milwaukee Bucks,,Detroit Pistons,,,,,,,
Thu Mar 11 2027,7:30p,Memphis Grizzlies,,Boston Celtics,,,,,,,
Thu Mar 11 2027,7:30p,Philadelphia 76ers,,San Antonio Spurs,,,,,,,
Thu Mar 11 2027,8:00p,Brooklyn Nets,,Atlanta Hawks,,,,,,,
Thu Mar 11 2027,8:00p,Phoenix Suns,,Chicago Bulls,,,,,,,
Thu Mar 11 2027,8:00p,Washington Wizards,,Dallas Mavericks,,,,,,,
Thu Mar 11 2027,10:00p,New York Knicks,,Los Angeles Lakers,,,,,,,
Thu Mar 11 2027,10:30p,Cleveland Cavaliers,,Los Angeles Clippers,,,,,,,
Fri Mar 12 2027,7:30p,Oklahoma City Thunder,,Boston Celtics,,,,,,,
Fri Mar 12 2027,8:00p,Miami Heat,,Milwaukee Bucks,,,,,,,
Fri Mar 12 2027,8:00p,Toronto Raptors,,New Orleans Pelicans,,,,,,,
Fri Mar 12 2027,9:30p,Sacramento Kings,,Utah Jazz,,,,,,,
Fri Mar 12 2027,10:00p,Golden State Warriors,,Denver Nuggets,,,,,,,
Fri Mar 12 2027,10:00p,Cleveland Cavaliers,,Los Angeles Lakers,,,,,,,
Sat Mar 13 2027,3:00p,Orlando Magic,,Atlanta Hawks,,,,,,,
Sat Mar 13 2027,3:00p,Brooklyn Nets,,Detroit Pistons,,,,,,,
Sat Mar 13 2027,5:30p,Indiana Pacers,,Houston Rockets,,,,,,,
Sat Mar 13 2027,6:00p,Phoenix Suns,,Charlotte Hornets,,,,,,,
Sat Mar 13 2027,8:00p,Memphis Grizzlies,,Chicago Bulls,,,,,,,
Sat Mar 13 2027,8:00p,New Orleans Pelicans,,Dallas Mavericks,,,,,,,
Sat Mar 13 2027,8:30p,Philadelphia 76ers,,Minnesota Timberwolves,,,,,,,
Sat Mar 13 2027,10:30p,Los Angeles Clippers,,Portland Trail Blazers,,,,,,,
Sun Mar 14 2027,12:00p,Boston Celtics,,New York Knicks,,,,,,,
Sun Mar 14 2027,2:30p,San Antonio Spurs,,Oklahoma City Thunder,,,,,,,R
Sun Mar 14 2027,5:00p,Detroit Pistons,,Toronto Raptors,,,,,,,
Sun Mar 14 2027,6:00p,Cleveland Cavaliers,,Sacramento Kings,,,,,,,
Sun Mar 14 2027,7:30p,Miami Heat,,Denver Nuggets,,,,,,,
Sun Mar 14 2027,8:00p,Washington Wizards,,Minnesota Timberwolves,,,,,,,
Sun Mar 14 2027,10:00p,Golden State Warriors,,Los Angeles Lakers,,,,,,,
Mon Mar 15 2027,7:00p,Toronto Raptors,,Philadelphia 76ers,,,,,,,
Mon Mar 15 2027,7:30p,Indiana Pacers,,Brooklyn Nets,,,,,,,
Mon Mar 15 2027,8:00p,Orlando Magic,,Chicago Bulls,,,,,,,
Mon Mar 15 2027,8:00p,Phoenix Suns,,Memphis Grizzlies,,,,,,,
Mon Mar 15 2027,9:30p,Atlanta Hawks,,Dallas Mavericks,,,,,,,
Tue Mar 16 2027,7:00p,New York Knicks,,Washington Wizards,,,,,,,
Tue Mar 16 2027,7:30p,Sacramento Kings,,Boston Celtics,,,,,,,
Tue Mar 16 2027,8:00p,Detroit Pistons,,Indiana Pacers,,,,,,,R
Tue Mar 16 2027,8:00p,Orlando Magic,,Milwaukee Bucks,,,,,,,
Tue Mar 16 2027,8:00p,Minnesota Timberwolves,,New Orleans Pelicans,,,,,,,
Tue Mar 16 2027,8:00p,Charlotte Hornets,,Oklahoma City Thunder,,,,,,,
Tue Mar 16 2027,8:30p,San Antonio Spurs,,Houston Rockets,,,,,,,
Tue Mar 16 2027,10:00p,Cleveland Cavaliers,,Golden State Warriors,,,,,,,
Tue Mar 16 2027,10:00p,Los Angeles Lakers,,Portland Trail Blazers,,,,,,,
Tue Mar 16 2027,11:00p,Denver Nuggets,,Los Angeles Clippers,,,,,,,
Wed Mar 17 2027,7:00p,Chicago Bulls,,Philadelphia 76ers,,,,,,,
Wed Mar 17 2027,7:30p,Sacramento Kings,,New York Knicks,,,,,,,
Wed Mar 17 2027,7:30p,Dallas Mavericks,,Oklahoma City Thunder,,,,,,,R
Wed Mar 17 2027,8:30p,Brooklyn Nets,,Houston Rockets,,,,,,,
Wed Mar 17 2027,9:00p,Atlanta Hawks,,Utah Jazz,,,,,,,
Wed Mar 17 2027,10:00p,Memphis Grizzlies,,Golden State Warriors,,,,,,,
Wed Mar 17 2027,10:00p,Phoenix Suns,,Los Angeles Lakers,,,,,,,
Wed Mar 17 2027,10:00p,Miami Heat,,Portland Trail Blazers,,,,,,,
Thu Mar 18 2027,7:00p,Toronto Raptors,,Indiana Pacers,,,,,,,
Thu Mar 18 2027,7:00p,Philadelphia 76ers,,Washington Wizards,,,,,,,
Thu Mar 18 2027,7:30p,Orlando Magic,,Boston Celtics,,,,,,,
Thu Mar 18 2027,8:00p,Detroit Pistons,,Milwaukee Bucks,,,,,,,
Thu Mar 18 2027,8:00p,Charlotte Hornets,,New Orleans Pelicans,,,,,,,
Thu Mar 18 2027,8:00p,Brooklyn Nets,,San Antonio Spurs,,,,,,,
Thu Mar 18 2027,9:00p,Cleveland Cavaliers,,Denver Nuggets,,,,,,,
Thu Mar 18 2027,9:00p,Minnesota Timberwolves,,Utah Jazz,,,,,,,
Thu Mar 18 2027,10:30p,Memphis Grizzlies,,Los Angeles Clippers,,,,,,,
Fri Mar 19 2027,7:30p,Sacramento Kings,,Toronto Raptors,,,,,,,
Fri Mar 19 2027,8:00p,Houston Rockets,,New Orleans Pelicans,,,,,,,
Fri Mar 19 2027,8:00p,Dallas Mavericks,,San Antonio Spurs,,,,,,,
Fri Mar 19 2027,10:00p,Portland Trail Blazers,,Golden State Warriors,,,,,,,
Fri Mar 19 2027,10:00p,Atlanta Hawks,,Los Angeles Lakers,,,,,,,
Fri Mar 19 2027,10:30p,Miami Heat,,Phoenix Suns,,,,,,,
Sat Mar 20 2027,1:00p,Washington Wizards,,New York Knicks,,,,,,,
Sat Mar 20 2027,7:00p,Denver Nuggets,,Orlando Magic,,,,,,,
Sat Mar 20 2027,7:30p,Chicago Bulls,,Cleveland Cavaliers,,,,,,,
Sat Mar 20 2027,8:00p,Charlotte Hornets,,Detroit Pistons,,,,,,,
Sat Mar 20 2027,8:00p,Oklahoma City Thunder,,Memphis Grizzlies,,,,,,,
Sat Mar 20 2027,8:00p,Indiana Pacers,,Milwaukee Bucks,,,,,,,
Sat Mar 20 2027,10:30p,Atlanta Hawks,,Los Angeles Clippers,,,,,,,
Sun Mar 21 2027,3:00p,New Orleans Pelicans,,Boston Celtics,,,,,,,
Sun Mar 21 2027,3:00p,Sacramento Kings,,Brooklyn Nets,,,,,,,
Sun Mar 21 2027,5:00p,Toronto Raptors,,Utah Jazz,,,,,,,
Sun Mar 21 2027,5:00p,Portland Trail Blazers,,Phoenix Suns,,,,,,,
Sun Mar 21 2027,6:00p,Denver Nuggets,,Miami Heat,,,,,,,
Sun Mar 21 2027,7:30p,San Antonio Spurs,,Philadelphia 76ers,,,,,,,
Sun Mar 21 2027,10:00p,Dallas Mavericks,,Los Angeles Lakers,,,,,,,
Mon Mar 22 2027,7:00p,Houston Rockets,,Cleveland Cavaliers,,,,,,,
Mon Mar 22 2027,7:00p,Indiana Pacers,,Orlando Magic,,,,,,,
Mon Mar 22 2027,8:00p,Sacramento Kings,,Chicago Bulls,,,,,,,
Mon Mar 22 2027,8:00p,Charlotte Hornets,,Memphis Grizzlies,,,,,,,
Mon Mar 22 2027,8:00p,Washington Wizards,,Milwaukee Bucks,,,,,,,
Mon Mar 22 2027,9:30p,Detroit Pistons,,Minnesota Timberwolves,,,,,,,
Mon Mar 22 2027,10:00p,Atlanta Hawks,,Golden State Warriors,,,,,,,
Mon Mar 22 2027,10:30p,Dallas Mavericks,,Los Angeles Clippers,,,,,,,
Tue Mar 23 2027,7:30p,Boston Celtics,,Brooklyn Nets,,,,,,,
Tue Mar 23 2027,7:30p,New Orleans Pelicans,,New York Knicks,,,,,,,
Tue Mar 23 2027,8:00p,Los Angeles Lakers,,Miami Heat,,,,,,,R
Tue Mar 23 2027,9:00p,Philadelphia 76ers,,Utah Jazz,,,,,,,
Tue Mar 23 2027,10:00p,Toronto Raptors,,Portland Trail Blazers,,,,,,,
Tue Mar 23 2027,11:00p,Oklahoma City Thunder,,Phoenix Suns,,,,,,,
Wed Mar 24 2027,7:00p,Detroit Pistons,,Charlotte Hornets,,,,,,,
Wed Mar 24 2027,7:00p,Memphis Grizzlies,,Indiana Pacers,,,,,,,
Wed Mar 24 2027,7:00p,Denver Nuggets,,Washington Wizards,,,,,,,
Wed Mar 24 2027,7:30p,San Antonio Spurs,,Boston Celtics,,,,,,,R
Wed Mar 24 2027,7:30p,Houston Rockets,,New York Knicks,,,,,,,
Wed Mar 24 2027,8:00p,Orlando Magic,,Chicago Bulls,,,,,,,
Wed Mar 24 2027,8:00p,Dallas Mavericks,,Minnesota Timberwolves,,,,,,,
Wed Mar 24 2027,10:00p,Philadelphia 76ers,,Golden State Warriors,,,,,,,
Wed Mar 24 2027,10:00p,Oklahoma City Thunder,,Phoenix Suns,,,,,,,
Wed Mar 24 2027,10:00p,Atlanta Hawks,,Sacramento Kings,,,,,,,
Wed Mar 24 2027,10:30p,Milwaukee Bucks,,Los Angeles Clippers,,,,,,,
Thu Mar 25 2027,7:00p,Los Angeles Lakers,,Cleveland Cavaliers,,,,,,,
Thu Mar 25 2027,7:00p,Houston Rockets,,Detroit Pistons,,,,,,,
Thu Mar 25 2027,7:00p,San Antonio Spurs,,Indiana Pacers,,,,,,,
Thu Mar 25 2027,7:30p,Denver Nuggets,,Brooklyn Nets,,,,,,,
Thu Mar 25 2027,7:30p,Utah Jazz,,Miami Heat,,,,,,,
Thu Mar 25 2027,8:00p,Chicago Bulls,,Memphis Grizzlies,,,,,,,
Thu Mar 25 2027,10:00p,Toronto Raptors,,Golden State Warriors,,,,,,,
Fri Mar 26 2027,7:00p,New York Knicks,,Charlotte Hornets,,,,,,,
Fri Mar 26 2027,8:00p,New Orleans Pelicans,,Dallas Mavericks,,,,,,,
Fri Mar 26 2027,8:00p,Orlando Magic,,Minnesota Timberwolves,,,,,,,
Fri Mar 26 2027,8:00p,Los Angeles Clippers,,Oklahoma City Thunder,,,,,,,
Fri Mar 26 2027,10:00p,Milwaukee Bucks,,Phoenix Suns,,,,,,,
Fri Mar 26 2027,10:00p,Philadelphia 76ers,,Portland Trail Blazers,,,,,,,
Sat Mar 27 2027,3:00p,San Antonio Spurs,,Detroit Pistons,,,,,,,
Sat Mar 27 2027,7:00p,Utah Jazz,,Atlanta Hawks,,,,,,,
Sat Mar 27 2027,7:00p,Golden State Warriors,,Washington Wizards,,,,,,,
Sat Mar 27 2027,8:00p,Boston Celtics,,Miami Heat,,,,,,,
Sat Mar 27 2027,8:00p,Los Angeles Clippers,,Chicago Bulls,,,,,,,
Sat Mar 27 2027,10:00p,Milwaukee Bucks,,Portland Trail Blazers,,,,,,,
Sat Mar 27 2027,10:00p,Toronto Raptors,,Sacramento Kings,,,,,,,
Sun Mar 28 2027,12:30p,New York Knicks,,Orlando Magic,,,,,,,
Sun Mar 28 2027,3:00p,Memphis Grizzlies,,Brooklyn Nets,,,,,,,
Sun Mar 28 2027,3:00p,Los Angeles Lakers,,Houston Rockets,,,,,,,
Sun Mar 28 2027,6:00p,Utah Jazz,,Charlotte Hornets,,,,,,,
Sun Mar 28 2027,6:00p,Dallas Mavericks,,Washington Wizards,,,,,,,
Sun Mar 28 2027,7:00p,Boston Celtics,,New Orleans Pelicans,,,,,,,
Sun Mar 28 2027,7:30p,Oklahoma City Thunder,,Minnesota Timberwolves,,,,,,,
Sun Mar 28 2027,9:00p,Toronto Raptors,,Phoenix Suns,,,,,,,
Sun Mar 28 2027,10:00p,Philadelphia 76ers,,Denver Nuggets,,,,,,,
Mon Mar 29 2027,7:00p,Minnesota Timberwolves,,Atlanta Hawks,,,,,,,
Mon Mar 29 2027,7:00p,Miami Heat,,Cleveland Cavaliers,,,,,,,
Mon Mar 29 2027,7:00p,Los Angeles Clippers,,Detroit Pistons,,,,,,,
Mon Mar 29 2027,7:30p,Golden State Warriors,,Brooklyn Nets,,,,,,,
Mon Mar 29 2027,8:00p,Indiana Pacers,,Chicago Bulls,,,,,,,
Mon Mar 29 2027,8:00p,Dallas Mavericks,,Milwaukee Bucks,,,,,,,
Mon Mar 29 2027,9:30p,Phoenix Suns,,San Antonio Spurs,,,,,,,
Mon Mar 29 2027,10:00p,Denver Nuggets,,Sacramento Kings,,,,,,,
Tue Mar 30 2027,7:00p,Miami Heat,,Charlotte Hornets,,,,,,,
Tue Mar 30 2027,8:00p,Boston Celtics,,Indiana Pacers,,,,,,,
Tue Mar 30 2027,8:00p,New York Knicks,,Orlando Magic,,,,,,,
Tue Mar 30 2027,8:00p,Los Angeles Lakers,,Memphis Grizzlies,,,,,,,
Tue Mar 30 2027,9:00p,Oklahoma City Thunder,,Utah Jazz,,,,,,,
Tue Mar 30 2027,11:00p,Houston Rockets,,Portland Trail Blazers,,,,,,,
Wed Mar 31 2027,7:00p,Los Angeles Clippers,,Atlanta Hawks,,,,,,,
Wed Mar 31 2027,7:00p,Toronto Raptors,,Detroit Pistons,,,,,,,
Wed Mar 31 2027,7:00p,Golden State Warriors,,Philadelphia 76ers,,,,,,,
Wed Mar 31 2027,7:00p,Chicago Bulls,,Washington Wizards,,,,,,,
Wed Mar 31 2027,7:30p,Cleveland Cavaliers,,Brooklyn Nets,,,,,,,
Wed Mar 31 2027,8:00p,New Orleans Pelicans,,Milwaukee Bucks,,,,,,,
Wed Mar 31 2027,8:00p,Sacramento Kings,,Minnesota Timberwolves,,,,,,,
Wed Mar 31 2027,8:00p,Phoenix Suns,,San Antonio Spurs,,,,,,,
Wed Mar 31 2027,9:30p,Denver Nuggets,,Dallas Mavericks,,,,,,,
Wed Mar 31 2027,10:00p,Houston Rockets,,Portland Trail Blazers,,,,,,,
Thu Apr 1 2027,7:00p,Boston Celtics,,Cleveland Cavaliers,,,,,,,
Thu Apr 1 2027,7:00p,Orlando Magic,,Indiana Pacers,,,,,,,
Thu Apr 1 2027,7:30p,Charlotte Hornets,,New York Knicks,,,,,,,
Thu Apr 1 2027,9:30p,Los Angeles Lakers,,Oklahoma City Thunder,,,,,,,R
Fri Apr 2 2027,7:00p,Philadelphia 76ers,,Washington Wizards,,,,,,,
Fri Apr 2 2027,7:30p,Miami Heat,,Boston Celtics,,,,,,,
Fri Apr 2 2027,7:30p,New York Knicks,,Brooklyn Nets,,,,,,,
Fri Apr 2 2027,7:30p,Golden State Warriors,,Minnesota Timberwolves,,,,,,,
Fri Apr 2 2027,8:00p,Detroit Pistons,,Chicago Bulls,,,,,,,
Fri Apr 2 2027,8:00p,Sacramento Kings,,Dallas Mavericks,,,,,,,
Fri Apr 2 2027,8:00p,Charlotte Hornets,,Milwaukee Bucks,,,,,,,
Fri Apr 2 2027,8:30p,Atlanta Hawks,,Toronto Raptors,,,,,,,
Fri Apr 2 2027,8:30p,Memphis Grizzlies,,Houston Rockets,,,,,,,
Fri Apr 2 2027,10:00p,Denver Nuggets,,Phoenix Suns,,,,,,,
Fri Apr 2 2027,10:00p,Utah Jazz,,Portland Trail Blazers,,,,,,,
Fri Apr 2 2027,10:30p,San Antonio Spurs,,Los Angeles Clippers,,,,,,,
Sat Apr 3 2027,5:00p,New Orleans Pelicans,,Oklahoma City Thunder,,,,,,,
Sat Apr 3 2027,7:00p,Washington Wizards,,Orlando Magic,,,,,,,
Sun Apr 4 2027,1:00p,Atlanta Hawks,,Philadelphia 76ers,,,,,,,
Sun Apr 4 2027,2:00p,Brooklyn Nets,,Milwaukee Bucks,,,,,,,
Sun Apr 4 2027,3:00p,Charlotte Hornets,,Cleveland Cavaliers,,,,,,,
Sun Apr 4 2027,3:00p,Miami Heat,,Detroit Pistons,,,,,,,
Sun Apr 4 2027,3:00p,Minnesota Timberwolves,,Dallas Mavericks,,,,,,,
Sun Apr 4 2027,3:30p,Indiana Pacers,,Toronto Raptors,,,,,,,
Sun Apr 4 2027,4:00p,Chicago Bulls,,Houston Rockets,,,,,,,
Sun Apr 4 2027,4:30p,Phoenix Suns,,Los Angeles Clippers,,,,,,,
Sun Apr 4 2027,5:00p,Memphis Grizzlies,,Denver Nuggets,,,,,,,
Sun Apr 4 2027,5:00p,Portland Trail Blazers,,Utah Jazz,,,,,,,
Sun Apr 4 2027,6:00p,Golden State Warriors,,Sacramento Kings,,,,,,,
Sun Apr 4 2027,7:30p,Boston Celtics,,New York Knicks,,,,,,,
Sun Apr 4 2027,10:00p,San Antonio Spurs,,Los Angeles Lakers,,,,,,,
Mon Apr 5 2027,7:00p,Brooklyn Nets,,Cleveland Cavaliers,,,,,,,
Mon Apr 5 2027,7:00p,Miami Heat,,Orlando Magic,,,,,,,
Mon Apr 5 2027,8:00p,Washington Wizards,,New Orleans Pelicans,,,,,,,
Tue Apr 6 2027,7:00p,Indiana Pacers,,Charlotte Hornets,,,,,,,
Tue Apr 6 2027,7:30p,Philadelphia 76ers,,Toronto Raptors,,,,,,,
Tue Apr 6 2027,8:00p,New York Knicks,,Atlanta Hawks,,,,,,,
Tue Apr 6 2027,8:00p,Detroit Pistons,,Memphis Grizzlies,,,,,,,
Tue Apr 6 2027,8:00p,Chicago Bulls,,Milwaukee Bucks,,,,,,,
Tue Apr 6 2027,8:00p,Sacramento Kings,,San Antonio Spurs,,,,,,,
Tue Apr 6 2027,9:00p,New Orleans Pelicans,,Denver Nuggets,,,,,,,
Tue Apr 6 2027,9:00p,Oklahoma City Thunder,,Utah Jazz,,,,,,,
Tue Apr 6 2027,10:00p,Dallas Mavericks,,Los Angeles Lakers,,,,,,,
Tue Apr 6 2027,10:30p,Minnesota Timberwolves,,Los Angeles Clippers,,,,,,,
Tue Apr 6 2027,11:00p,Phoenix Suns,,Golden State Warriors,,,,,,,
Wed Apr 7 2027,7:00p,Indiana Pacers,,Detroit Pistons,,,,,,,
Wed Apr 7 2027,7:00p,Boston Celtics,,Orlando Magic,,,,,,,
Wed Apr 7 2027,7:30p,Brooklyn Nets,,Toronto Raptors,,,,,,,
Wed Apr 7 2027,7:30p,Cleveland Cavaliers,,San Antonio Spurs,,,,,,,
Wed Apr 7 2027,8:00p,Charlotte Hornets,,Chicago Bulls,,,,,,,
Wed Apr 7 2027,8:00p,Washington Wizards,,Memphis Grizzlies,,,,,,,
Wed Apr 7 2027,8:30p,Sacramento Kings,,Houston Rockets,,,,,,,
Wed Apr 7 2027,10:00p,Minnesota Timberwolves,,Los Angeles Lakers,,,,,,,
Wed Apr 7 2027,10:00p,Dallas Mavericks,,Portland Trail Blazers,,,,,,,
Thu Apr 8 2027,7:00p,Philadelphia 76ers,,Miami Heat,,,,,,,R
Thu Apr 8 2027,8:00p,New York Knicks,,Milwaukee Bucks,,,,,,,
Thu Apr 8 2027,9:00p,Los Angeles Clippers,,Denver Nuggets,,,,,,,
Thu Apr 8 2027,9:00p,New Orleans Pelicans,,Utah Jazz,,,,,,,
Thu Apr 8 2027,9:30p,Golden State Warriors,,Oklahoma City Thunder,,,,,,,
Fri Apr 9 2027,7:00p,Boston Celtics,,Atlanta Hawks,,,,,,,
Fri Apr 9 2027,7:00p,Brooklyn Nets,,Charlotte Hornets,,,,,,,
Fri Apr 9 2027,7:00p,Cleveland Cavaliers,,Indiana Pacers,,,,,,,
Fri Apr 9 2027,7:00p,Detroit Pistons,,New York Knicks,,,,,,,
Fri Apr 9 2027,7:00p,Toronto Raptors,,Orlando Magic,,,,,,,
Fri Apr 9 2027,8:00p,Washington Wizards,,Miami Heat,,,,,,,
Fri Apr 9 2027,8:00p,Milwaukee Bucks,,Chicago Bulls,,,,,,,
Fri Apr 9 2027,8:00p,Golden State Warriors,,Oklahoma City Thunder,,,,,,,
Fri Apr 9 2027,8:30p,Portland Trail Blazers,,Houston Rockets,,,,,,,
Fri Apr 9 2027,9:30p,Denver Nuggets,,San Antonio Spurs,,,,,,,
Fri Apr 9 2027,9:30p,Los Angeles Clippers,,Utah Jazz,,,,,,,
Fri Apr 9 2027,10:00p,Minnesota Timberwolves,,Los Angeles Lakers,,,,,,,
Fri Apr 9 2027,10:00p,Memphis Grizzlies,,Phoenix Suns,,,,,,,
Fri Apr 9 2027,10:00p,Dallas Mavericks,,Sacramento Kings,,,,,,,
Sun Apr 11 2027,6:00p,Milwaukee Bucks,,Boston Celtics,,,,,,,
Sun Apr 11 2027,6:00p,Toronto Raptors,,Brooklyn Nets,,,,,,,
Sun Apr 11 2027,6:00p,Atlanta Hawks,,Cleveland Cavaliers,,,,,,,
Sun Apr 11 2027,6:00p,Orlando Magic,,Miami Heat,,,,,,,
Sun Apr 11 2027,6:00p,Indiana Pacers,,New York Knicks,,,,,,,
Sun Apr 11 2027,6:00p,Charlotte Hornets,,Philadelphia 76ers,,,,,,,
Sun Apr 11 2027,6:00p,Detroit Pistons,,Washington Wizards,,,,,,,
Sun Apr 11 2027,6:00p,Chicago Bulls,,New Orleans Pelicans,,,,,,,
Sun Apr 11 2027,8:30p,Memphis Grizzlies,,Dallas Mavericks,,,,,,,
Sun Apr 11 2027,8:30p,Houston Rockets,,Minnesota Timberwolves,,,,,,,
Sun Apr 11 2027,8:30p,Portland Trail Blazers,,San Antonio Spurs,,,,,,,
Sun Apr 11 2027,8:30p,Oklahoma City Thunder,,Denver Nuggets,,,,,,,
Sun Apr 11 2027,8:30p,Utah Jazz,,Golden State Warriors,,,,,,,
Sun Apr 11 2027,8:30p,Sacramento Kings,,Los Angeles Clippers,,,,,,,
Sun Apr 11 2027,8:30p,Phoenix Suns,,Los Angeles Lakers,,,,,,,
