season,week,home_team,away_team,p_home,actual,home_elo_post,away_elo_post,model
2025,1,PHI,DAL,0.5,1,1512.5,1487.5,k25_hfa20_elev0.0
2025,1,LAC,KC,0.5,1,1512.5,1487.5,k25_hfa20_elev0.0
2025,1,ATL,TB,0.5,0,1487.5,1512.5,k25_hfa20_elev0.0
2025,1,CLE,CIN,0.5,0,1487.5,1512.5,k25_hfa20_elev0.0
2025,1,IND,MIA,0.5,1,1512.5,1487.5,k25_hfa20_elev0.0
2025,1,JAX,CAR,0.5,1,1512.5,1487.5,k25_hfa20_elev0.0
2025,1,NE,LV,0.5,0,1487.5,1512.5,k25_hfa20_elev0.0
2025,1,NO,ARI,0.5,0,1487.5,1512.5,k25_hfa20_elev0.0
2025,1,NYJ,PIT,0.5,0,1487.5,1512.5,k25_hfa20_elev0.0
2025,1,WAS,NYG,0.5,1,1512.5,1487.5,k25_hfa20_elev0.0
2025,1,DEN,TEN,0.5,1,1512.5,1487.5,k25_hfa20_elev0.0
2025,1,SEA,SF,0.5,0,1487.5,1512.5,k25_hfa20_elev0.0
2025,1,GB,DET,0.5,1,1512.5,1487.5,k25_hfa20_elev0.0
2025,1,LAR,HOU,0.5,1,1512.5,1487.5,k25_hfa20_elev0.0
2025,1,BUF,BAL,0.5,1,1512.5,1487.5,k25_hfa20_elev0.0
2025,1,CHI,MIN,0.5,0,1487.5,1512.5,k25_hfa20_elev0.0
2025,2,GB,WAS,0.5,1,1525.0,1500.0,k25_hfa20_elev0.0
2025,2,BAL,CLE,0.5,1,1500.0,1475.0,k25_hfa20_elev0.0
2025,2,CIN,JAX,0.5,1,1525.0,1500.0,k25_hfa20_elev0.0
2025,2,DAL,NYG,0.5,1,1500.0,1475.0,k25_hfa20_elev0.0
2025,2,DET,CHI,0.5,1,1500.0,1475.0,k25_hfa20_elev0.0
2025,2,MIA,NE,0.5,0,1475.0,1500.0,k25_hfa20_elev0.0
2025,2,NO,SF,0.4640840730548977,0,1475.8978981736275,1524.1021018263725,k25_hfa20_elev0.0
2025,2,NYJ,BUF,0.4640840730548977,0,1475.8978981736275,1524.1021018263725,k25_hfa20_elev0.0
2025,2,PIT,SEA,0.5359159269451023,0,1499.1021018263725,1500.8978981736275,k25_hfa20_elev0.0
2025,2,TEN,LAR,0.4640840730548977,0,1475.8978981736275,1524.1021018263725,k25_hfa20_elev0.0
2025,2,ARI,CAR,0.5359159269451023,1,1524.1021018263725,1475.8978981736275,k25_hfa20_elev0.0
2025,2,IND,DEN,0.5,1,1525.0,1500.0,k25_hfa20_elev0.0
2025,2,KC,PHI,0.4640840730548977,0,1475.8978981736275,1524.1021018263725,k25_hfa20_elev0.0
2025,2,MIN,ATL,0.5359159269451023,0,1499.1021018263725,1500.8978981736275,k25_hfa20_elev0.0
2025,2,HOU,TB,0.4640840730548977,0,1475.8978981736275,1524.1021018263725,k25_hfa20_elev0.0
2025,2,LV,LAC,0.5,0,1500.0,1525.0,k25_hfa20_elev0.0
2025,3,BUF,MIA,0.5701968696881567,1,1534.8471800841685,1464.2549217422038,k25_hfa20_elev0.0
2025,3,CAR,ATL,0.4640840730548977,1,1489.295796347255,1487.5,k25_hfa20_elev0.0
2025,3,CLE,GB,0.4285368825916186,1,1489.2865779352096,1510.7134220647904,k25_hfa20_elev0.0
2025,3,JAX,HOU,0.5346301791854303,1,1511.6342455203642,1464.2636526532633,k25_hfa20_elev0.0
2025,3,MIN,CIN,0.46279880257612643,1,1512.5321317619694,1511.5699700644032,k25_hfa20_elev0.0
2025,3,NE,PIT,0.5012921764667378,0,1487.4676955883315,1511.634406238041,k25_hfa20_elev0.0
2025,3,PHI,LAR,0.5,1,1536.6021018263725,1511.6021018263725,k25_hfa20_elev0.0
2025,3,TB,NYJ,0.5689297027767719,1,1534.8788592569533,1465.1211407430467,k25_hfa20_elev0.0
2025,3,TEN,IND,0.42980313031184325,0,1465.1528199158315,1535.7450782577962,k25_hfa20_elev0.0
2025,3,WAS,LV,0.5,1,1512.5,1487.5,k25_hfa20_elev0.0
2025,3,LAC,DEN,0.5359159269451023,1,1536.6021018263725,1488.3978981736275,k25_hfa20_elev0.0
2025,3,SEA,NO,0.5359159269451023,1,1512.5,1464.295796347255,k25_hfa20_elev0.0
2025,3,CHI,DAL,0.4640840730548977,1,1488.3978981736275,1486.6021018263725,k25_hfa20_elev0.0
2025,3,SF,ARI,0.5,1,1536.6021018263725,1511.6021018263725,k25_hfa20_elev0.0
2025,3,NYG,KC,0.4987078235332622,0,1462.5323044116685,1488.365593761959,k25_hfa20_elev0.0
2025,3,BAL,DET,0.5,0,1487.5,1512.5,k25_hfa20_elev0.0
2025,4,ARI,SEA,0.4987078235332622,0,1499.134406238041,1524.9676955883315,k25_hfa20_elev0.0
2025,4,PIT,MIN,0.4987080719944928,1,1524.1667044381786,1499.9998335618318,k25_hfa20_elev0.0
2025,4,ATL,WAS,0.4640840730548977,1,1500.8978981736275,1499.1021018263725,k25_hfa20_elev0.0
2025,4,BUF,NO,0.6001587022428602,1,1544.843212528097,1454.2997639033265,k25_hfa20_elev0.0
2025,4,DET,CLE,0.5333571784018487,1,1524.1660705399538,1477.6205073952558,k25_hfa20_elev0.0
2025,4,HOU,TEN,0.4987203882411901,1,1476.7956429472335,1452.6208296218613,k25_hfa20_elev0.0
2025,4,NE,CAR,0.4973691758059839,1,1500.033466193182,1476.7300257424045,k25_hfa20_elev0.0
2025,4,NYG,LAC,0.39499107783387166,1,1477.6575274658217,1521.4768787722194,k25_hfa20_elev0.0
2025,4,TB,PHI,0.4975200749283062,0,1522.4408573837457,1549.0401036995802,k25_hfa20_elev0.0
2025,4,LAR,IND,0.46531128018180934,1,1524.9693198218272,1522.3778602623415,k25_hfa20_elev0.0
2025,4,SF,JAX,0.5358699068305451,0,1523.2053541556088,1525.030993191128,k25_hfa20_elev0.0
2025,4,KC,BAL,0.5012456869807344,1,1500.8344515874405,1475.0311421745184,k25_hfa20_elev0.0
2025,4,LV,CHI,0.4987078235332622,0,1475.0323044116685,1500.865593761959,k25_hfa20_elev0.0
2025,4,DAL,GB,0.4653566181161857,0,1474.968186373468,1522.347337517695,k25_hfa20_elev0.0
2025,4,MIA,NYJ,0.49875341323377115,1,1476.7860864113595,1452.589976073891,k25_hfa20_elev0.0
2025,4,DEN,CIN,0.46670206489506855,1,1501.7303465512507,1498.23752168678,k25_hfa20_elev0.0
2025,5,LAR,SF,0.5025385288429296,0,1512.4058566007539,1535.7688173766821,k25_hfa20_elev0.0
2025,5,CLE,MIN,0.46783802864679086,0,1465.924556679086,1511.6957842780016,k25_hfa20_elev0.0
2025,5,BAL,HOU,0.49746070109677487,0,1462.594624647099,1489.232160474653,k25_hfa20_elev0.0
2025,5,CAR,MIA,0.4999193222128006,1,1489.2320426870845,1464.2840694666795,k25_hfa20_elev0.0
2025,5,IND,LV,0.5677170832049029,1,1533.1849331822189,1464.2252314917912,k25_hfa20_elev0.0
2025,5,NO,NYG,0.46643602776815396,1,1467.6388632091227,1464.3184281600254,k25_hfa20_elev0.0
2025,5,NYJ,DAL,0.4678396278644552,0,1440.8939853772795,1486.6641770700794,k25_hfa20_elev0.0
2025,5,PHI,DEN,0.5676665089985039,0,1534.8484409746177,1515.9220092762132,k25_hfa20_elev0.0
2025,5,ARI,TEN,0.5665413514159813,0,1484.9708724526415,1466.7843634072608,k25_hfa20_elev0.0
2025,5,SEA,TB,0.5036363483755056,0,1512.376786878944,1535.0317660931332,k25_hfa20_elev0.0
2025,5,CIN,DET,0.4627549371702779,0,1486.668648257523,1535.7349439692107,k25_hfa20_elev0.0
2025,5,LAC,WAS,0.5321554515808888,0,1508.172992482697,1512.4059881158948,k25_hfa20_elev0.0
2025,5,BUF,NE,0.5641312164506928,0,1530.7399321168296,1514.1367466044494,k25_hfa20_elev0.0
2025,5,JAX,KC,0.5347654344416188,1,1536.6618573300875,1489.203587448481,k25_hfa20_elev0.0
2025,6,NYG,PHI,0.3998708192333136,1,1479.3216576791926,1519.8452114554505,k25_hfa20_elev0.0
2025,6,NYJ,DEN,0.39367366967424117,0,1431.0521436354234,1525.7638510180693,k25_hfa20_elev0.0
2025,6,BAL,LAR,0.42880301286122346,0,1451.8745493255683,1523.1259319222845,k25_hfa20_elev0.0
2025,6,CAR,DAL,0.5036953883942582,1,1501.639657977228,1474.256561779936,k25_hfa20_elev0.0
2025,6,IND,ARI,0.5689436185982093,1,1543.9613427172637,1474.1944629175966,k25_hfa20_elev0.0
2025,6,JAX,SEA,0.5348922195090754,0,1523.2895518423607,1525.7490923666708,k25_hfa20_elev0.0
2025,6,MIA,LAC,0.43717259426647975,0,1453.3547546100176,1519.102307339359,k25_hfa20_elev0.0
2025,6,NO,NE,0.4334808330858717,0,1456.801842381976,1524.9737674315961,k25_hfa20_elev0.0
2025,6,PIT,CLE,0.5830407906578275,1,1534.590684671733,1455.5005764455316,k25_hfa20_elev0.0
2025,6,LV,TEN,0.49631717972837236,1,1476.8173019985818,1454.1922929004702,k25_hfa20_elev0.0
2025,6,GB,CIN,0.551166029633242,1,1533.568186776864,1475.447798998354,k25_hfa20_elev0.0
2025,6,TB,SF,0.498939299529756,1,1547.5582836048893,1523.242299864926,k25_hfa20_elev0.0
2025,6,KC,DET,0.4334335145932502,1,1503.3677495836496,1521.570781834042,k25_hfa20_elev0.0
2025,6,ATL,BUF,0.45715916168182397,1,1514.468919131582,1517.168911158875,k25_hfa20_elev0.0
2025,6,WAS,CHI,0.5166018573563229,0,1499.4909416819867,1513.7806401958671,k25_hfa20_elev0.0
2025,7,CIN,PIT,0.415699243637427,1,1490.0553179074184,1519.9831657626687,k25_hfa20_elev0.0
2025,7,JAX,LAR,0.5002354679756452,0,1510.7836651429695,1535.6318186216756,k25_hfa20_elev0.0
2025,7,CHI,NO,0.5812717724149605,1,1524.2488458854932,1446.33363669235,k25_hfa20_elev0.0
2025,7,CLE,MIA,0.5030880465921598,1,1467.9233752807277,1440.9319557748215,k25_hfa20_elev0.0
2025,7,KC,LV,0.5381349613736214,1,1514.914375549309,1465.2706760329224,k25_hfa20_elev0.0
2025,7,MIN,PHI,0.488274181902292,0,1499.4889297304444,1532.0520660030077,k25_hfa20_elev0.0
2025,7,NYJ,CAR,0.3997913891284145,0,1421.057358907213,1511.6344427054382,k25_hfa20_elev0.0
2025,7,TEN,NE,0.39952349985722113,0,1444.2042054040396,1534.9618549280267,k25_hfa20_elev0.0
2025,7,DEN,NYG,0.5664404392945602,1,1536.6028400357054,1468.4826686615565,k25_hfa20_elev0.0
2025,7,LAC,IND,0.46428589658142816,0,1507.4951599248232,1555.5684901317995,k25_hfa20_elev0.0
2025,7,ARI,GB,0.4153765203372228,0,1463.810049909166,1543.9525997852945,k25_hfa20_elev0.0
2025,7,DAL,WAS,0.46374852997721644,1,1487.6628485305055,1486.0846549314172,k25_hfa20_elev0.0
2025,7,SF,ATL,0.5126232268360491,1,1535.4267191940248,1502.2844998024832,k25_hfa20_elev0.0
2025,7,DET,TB,0.4626705689278445,1,1535.004017610846,1534.1250478280854,k25_hfa20_elev0.0
2025,7,SEA,HOU,0.5523594283072291,1,1536.94010665899,1478.0411461823337,k25_hfa20_elev0.0
2025,8,LAC,MIN,0.5115198524325443,1,1519.7071636140095,1487.276926041258,k25_hfa20_elev0.0
2025,8,ATL,MIA,0.5873869645663393,0,1487.5998256883247,1455.61662988898,k25_hfa20_elev0.0
2025,8,BAL,CHI,0.3973258508184863,1,1466.941403055106,1509.1819921559554,k25_hfa20_elev0.0
2025,8,CAR,BUF,0.4920359332624694,0,1499.3335443738765,1529.4698094904368,k25_hfa20_elev0.0
2025,8,CIN,NYJ,0.598010941399792,0,1475.1050443724237,1436.0076324422078,k25_hfa20_elev0.0
2025,8,HOU,SF,0.41815840613230953,1,1492.587186029026,1520.8806793473325,k25_hfa20_elev0.0
2025,8,NE,CLE,0.5952964058501156,1,1545.0794447817739,1457.8057854269805,k25_hfa20_elev0.0
2025,8,PHI,NYG,0.5904763349289065,1,1542.290157629785,1458.2445770347792,k25_hfa20_elev0.0
2025,8,NO,TB,0.37628000379682097,0,1436.9266365974295,1543.5320479230058,k25_hfa20_elev0.0
2025,8,DEN,DAL,0.5699681575652512,1,1547.353636096574,1476.9120524696368,k25_hfa20_elev0.0
2025,8,IND,TEN,0.6549940198095243,1,1564.1936396365613,1435.5790558992778,k25_hfa20_elev0.0
2025,8,PIT,GB,0.4655598342842107,0,1508.3441699055634,1555.5915956423999,k25_hfa20_elev0.0
2025,8,KC,WAS,0.541394340455517,1,1526.379517037921,1474.619513442805,k25_hfa20_elev0.0
2025,9,MIA,BAL,0.4837081107183834,0,1443.5239271210205,1479.0341058230656,k25_hfa20_elev0.0
2025,9,CIN,CHI,0.451115983492187,0,1463.827144785119,1520.4598917432602,k25_hfa20_elev0.0
2025,9,DET,MIN,0.5682560055298674,0,1520.7976174725993,1501.4833261795047,k25_hfa20_elev0.0
2025,9,GB,CAR,0.5802615998222534,0,1541.0850556468436,1513.8400843694328,k25_hfa20_elev0.0
2025,9,HOU,DEN,0.42183110360019055,0,1482.0414084390213,1557.8994136865788,k25_hfa20_elev0.0
2025,9,NE,ATL,0.5819733050800189,1,1555.5301121547734,1477.1491583153252,k25_hfa20_elev0.0
2025,9,NYG,SF,0.41082343432341045,0,1447.973991176694,1531.1512652054178,k25_hfa20_elev0.0
2025,9,PIT,IND,0.4203113528650281,1,1522.8363860839377,1549.701423458187,k25_hfa20_elev0.0
2025,9,TEN,LAC,0.38124190143842024,0,1426.0480083633174,1529.2382111499699,k25_hfa20_elev0.0
2025,9,LAR,NO,0.6383460460302328,1,1544.67316747092,1427.8852877481852,k25_hfa20_elev0.0
2025,9,LV,JAX,0.4348736450064301,0,1454.3988349077617,1521.6555062681302,k25_hfa20_elev0.0
2025,9,BUF,KC,0.5044471710573849,1,1541.8586302140022,1513.9906963143555,k25_hfa20_elev0.0
2025,9,WAS,SEA,0.41126311611622207,0,1464.3379355398995,1547.2216845618957,k25_hfa20_elev0.0
2025,9,DAL,ARI,0.5188463644763377,0,1463.9408933577283,1476.7812090210746,k25_hfa20_elev0.0
2025,10,DEN,LV,0.6446941898786027,1,1566.7820589396138,1445.5161896547268,k25_hfa20_elev0.0
2025,10,IND,ATL,0.6029194407994195,1,1559.6284374382014,1467.2221443353108,k25_hfa20_elev0.0
2025,10,CAR,NO,0.6212354967644781,0,1498.309196950321,1443.416175167297,k25_hfa20_elev0.0
2025,10,CHI,NYG,0.6028279774699936,1,1530.3891923065103,1438.044690613444,k25_hfa20_elev0.0
2025,10,HOU,JAX,0.44323649709754565,1,1495.9604960115828,1507.7364186955688,k25_hfa20_elev0.0
2025,10,MIA,BUF,0.3621464430356026,1,1459.4702660451305,1525.9122912898922,k25_hfa20_elev0.0
2025,10,MIN,BAL,0.5322621396996038,0,1488.1767726870146,1492.3406593155557,k25_hfa20_elev0.0
2025,10,NYJ,CLE,0.46867103237826946,1,1449.290856632751,1444.5225612364372,k25_hfa20_elev0.0
2025,10,TB,NE,0.4827402580419728,0,1531.4635414719564,1567.5986186058228,k25_hfa20_elev0.0
2025,10,SEA,ARI,0.6000054873957177,1,1557.2215473770027,1466.7813462059676,k25_hfa20_elev0.0
2025,10,SF,LAR,0.4805502375858368,0,1519.1375092657718,1556.686923410566,k25_hfa20_elev0.0
2025,10,WAS,DET,0.4194557337000858,0,1453.8515421973973,1531.2840108151015,k25_hfa20_elev0.0
2025,10,LAC,PIT,0.5092119243477892,1,1541.507913041275,1510.5666841926325,k25_hfa20_elev0.0
2025,10,GB,PHI,0.49826572579155703,0,1528.6284125020547,1554.7468007745738,k25_hfa20_elev0.0
2025,11,NE,NYJ,0.663969486106297,1,1575.9993814531654,1440.8900937854085,k25_hfa20_elev0.0
2025,11,MIA,WAS,0.5080852887636214,1,1471.76813382604,1441.5536744164879,k25_hfa20_elev0.0
2025,11,ATL,CAR,0.45538114299844423,0,1455.8376157603498,1509.693725525282,k25_hfa20_elev0.0
2025,11,BUF,TB,0.49201178855940814,1,1538.611996575907,1518.7638361859417,k25_hfa20_elev0.0
2025,11,JAX,LAC,0.451551401847607,1,1521.4476336493785,1527.7966980874653,k25_hfa20_elev0.0
2025,11,MIN,CHI,0.439548604644243,0,1477.1880575709085,1541.3779074226163,k25_hfa20_elev0.0
2025,11,NYG,GB,0.3725151499843616,0,1428.7318118638348,1537.9412912516639,k25_hfa20_elev0.0
2025,11,PIT,CIN,0.566860750940936,1,1521.3951654191092,1452.9986635586422,k25_hfa20_elev0.0
2025,11,TEN,HOU,0.40072417271816935,0,1416.029904045363,1505.9786003295371,k25_hfa20_elev0.0
2025,11,ARI,SF,0.42521862529589516,0,1456.1508805735702,1529.767974898169,k25_hfa20_elev0.0
2025,11,LAR,SEA,0.4992306148725827,1,1569.2061580387513,1544.7023127488173,k25_hfa20_elev0.0
2025,11,CLE,BAL,0.43161547084830826,0,1433.7321744652295,1503.1310460867635,k25_hfa20_elev0.0
2025,11,DEN,KC,0.5753935524455212,1,1577.3972201284757,1503.3755351254936,k25_hfa20_elev0.0
2025,11,PHI,DET,0.5337144332248195,1,1566.4039399439532,1519.626871645722,k25_hfa20_elev0.0
2025,11,LV,DAL,0.47350954779553184,0,1433.6784509598385,1475.7786320526166,k25_hfa20_elev0.0
2025,12,HOU,BUF,0.45317438808548643,1,1519.6492406273999,1524.9413562780442,k25_hfa20_elev0.0
2025,12,BAL,NYJ,0.5886258768227529,1,1513.4153991661947,1430.6057407059773,k25_hfa20_elev0.0
2025,12,CHI,PIT,0.5287258096862573,1,1553.15976218046,1509.6133106612656,k25_hfa20_elev0.0
2025,12,CIN,NE,0.33003007235056386,0,1444.747911749878,1584.2501332619295,k25_hfa20_elev0.0
2025,12,DET,NYG,0.6279036778462531,1,1528.9292796995658,1419.429403809991,k25_hfa20_elev0.0
2025,12,GB,MIN,0.586550581482779,1,1548.2775267145944,1466.851822107978,k25_hfa20_elev0.0
2025,12,KC,IND,0.41974561920081305,1,1517.8818946454733,1545.1220779182217,k25_hfa20_elev0.0
2025,12,TEN,SEA,0.322851545549086,0,1407.958615406636,1552.7736013875444,k25_hfa20_elev0.0
2025,12,ARI,JAX,0.40712137817697885,0,1445.9728461191457,1531.625668103803,k25_hfa20_elev0.0
2025,12,LV,CLE,0.49992268566145576,0,1421.180383818302,1446.230241606766,k25_hfa20_elev0.0
2025,12,DAL,PHI,0.37245919525443816,1,1491.4671521712555,1550.7154198253143,k25_hfa20_elev0.0
2025,12,NO,ATL,0.4821317224034645,0,1431.3628821072105,1467.8909088204364,k25_hfa20_elev0.0
2025,12,LAR,TB,0.5720865525141261,1,1579.903994225898,1508.065999998795,k25_hfa20_elev0.0
2025,12,SF,CAR,0.5288570627208978,1,1541.5465483301466,1497.9151520933044,k25_hfa20_elev0.0
2025,13,DET,GB,0.47218438259026285,0,1517.124670134809,1560.082136279351,k25_hfa20_elev0.0
2025,13,DAL,KC,0.46205920370123127,1,1504.9156720787248,1504.433374738004,k25_hfa20_elev0.0
2025,13,BAL,CIN,0.5975535436401826,0,1498.4765605751902,1459.6867503408826,k25_hfa20_elev0.0
2025,13,PHI,CHI,0.49648236661857864,0,1538.30336065985,1565.5718213459243,k25_hfa20_elev0.0
2025,13,CAR,LAR,0.38415109106830314,1,1513.3113748165968,1564.5077715026057,k25_hfa20_elev0.0
2025,13,CLE,SF,0.36616960679197114,0,1437.0760014369666,1550.700788499946,k25_hfa20_elev0.0
2025,13,IND,HOU,0.5365928168293687,0,1531.7072574974875,1533.0640610481341,k25_hfa20_elev0.0
2025,13,MIA,NO,0.5578870982440158,1,1482.8209563699395,1420.310059563311,k25_hfa20_elev0.0
2025,13,NYJ,ATL,0.44654736965168,1,1444.4420564646853,1454.0545930617284,k25_hfa20_elev0.0
2025,13,TB,ARI,0.5884198448904214,1,1518.3555038765344,1435.6833422414063,k25_hfa20_elev0.0
2025,13,TEN,JAX,0.32918250652702025,0,1399.7290527434604,1539.8552307669786,k25_hfa20_elev0.0
2025,13,SEA,MIN,0.6211907735159333,1,1562.243832049646,1457.3815914458764,k25_hfa20_elev0.0
2025,13,LAC,LV,0.6487918423296022,1,1536.5769020292253,1412.400179876542,k25_hfa20_elev0.0
2025,13,PIT,BUF,0.4779554695625435,0,1497.664423922202,1536.8902430171077,k25_hfa20_elev0.0
2025,13,WAS,DEN,0.3138936720218854,0,1433.7063326159407,1585.244561929023,k25_hfa20_elev0.0
2025,13,NE,NYG,0.7208706426559063,1,1591.2283671955317,1412.4511698763888,k25_hfa20_elev0.0
2025,14,DET,DAL,0.5175629320230598,1,1529.1855968342327,1492.8547453793012,k25_hfa20_elev0.0
2025,14,ATL,SEA,0.3491477842194253,0,1445.3258984562428,1570.9725266551316,k25_hfa20_elev0.0
2025,14,BAL,PIT,0.5011687564654637,0,1485.9473416635535,1510.1936428338388,k25_hfa20_elev0.0
2025,14,BUF,CIN,0.609311491547624,1,1546.657455728417,1449.9195376295731,k25_hfa20_elev0.0
2025,14,CLE,TEN,0.5535405219548607,0,1423.237488388095,1413.567565792332,k25_hfa20_elev0.0
2025,14,JAX,IND,0.5117237269065035,1,1552.062137594316,1519.50035067015,k25_hfa20_elev0.0
2025,14,MIN,WAS,0.5340187977026014,1,1469.0311215033114,1422.0568025585058,k25_hfa20_elev0.0
2025,14,NYJ,MIA,0.44499188060333783,0,1433.3172594496018,1493.945753385023,k25_hfa20_elev0.0
2025,14,TB,NO,0.6374688349373766,0,1502.4187830030999,1436.2467804367454,k25_hfa20_elev0.0
2025,14,LV,DEN,0.26993108585006226,0,1405.6519027302904,1591.9928390752746,k25_hfa20_elev0.0
2025,14,ARI,LAR,0.3226602620831681,0,1427.6168356893272,1572.5742780546848,k25_hfa20_elev0.0
2025,14,GB,CHI,0.492100365517848,1,1572.779627141405,1552.8743304838704,k25_hfa20_elev0.0
2025,14,KC,HOU,0.4588901431946626,0,1492.9611211581373,1544.5363146280008,k25_hfa20_elev0.0
2025,14,LAC,PHI,0.49751544675825643,1,1549.139015860269,1525.7412468288062,k25_hfa20_elev0.0
2025,15,TB,ATL,0.5814316100768911,0,1487.8829927511777,1459.861688708165,k25_hfa20_elev0.0
2025,15,CHI,CLE,0.6783609682041739,1,1560.9153062787661,1415.1965125931993,k25_hfa20_elev0.0
2025,15,CIN,BAL,0.44833686633429204,0,1438.7111159712158,1497.1557633219109,k25_hfa20_elev0.0
2025,15,HOU,ARI,0.6621841182978564,1,1552.9817116705544,1419.1714386467736,k25_hfa20_elev0.0
2025,15,JAX,NYJ,0.6645306633248887,1,1560.448871011194,1424.930526032724,k25_hfa20_elev0.0
2025,15,KC,LAC,0.41985078648796004,0,1482.4648514959383,1559.635285522468,k25_hfa20_elev0.0
2025,15,NE,BUF,0.5637931301670455,0,1577.1335389413557,1560.752283982593,k25_hfa20_elev0.0
2025,15,NYG,WAS,0.48617990440133285,0,1400.2966722663555,1434.211300168539,k25_hfa20_elev0.0
2025,15,PHI,LV,0.6662537952693026,1,1534.0849019470736,1397.308247612023,k25_hfa20_elev0.0
2025,15,DEN,GB,0.527621883550119,1,1603.8022919865216,1560.970174230158,k25_hfa20_elev0.0
2025,15,LAR,DET,0.5621187388860499,1,1583.5213095825336,1518.2385653063839,k25_hfa20_elev0.0
2025,15,NO,CAR,0.3908788618176172,1,1451.474808891305,1498.0833463620372,k25_hfa20_elev0.0
2025,15,SEA,IND,0.5735372012336233,1,1581.634096624291,1508.8387807009906,k25_hfa20_elev0.0
2025,15,SF,TEN,0.6877029753690211,1,1558.5082141157204,1405.7601401765576,k25_hfa20_elev0.0
2025,15,DAL,MIN,0.534231317596849,0,1479.49896243938,1482.3869044432327,k25_hfa20_elev0.0
2025,15,PIT,MIA,0.5233655616479431,1,1522.1095037926402,1482.0298924262215,k25_hfa20_elev0.0
2025,16,SEA,LAR,0.49728410894499203,1,1594.2019939006661,1570.9534123061585,k25_hfa20_elev0.0
2025,16,WAS,PHI,0.360102644601722,0,1425.208734053496,1543.0874680621166,k25_hfa20_elev0.0
2025,16,CHI,GB,0.49992103867130777,1,1573.4172803119834,1548.4682001969406,k25_hfa20_elev0.0
2025,16,CAR,TB,0.514675272648715,1,1510.2164645458192,1475.7498745673956,k25_hfa20_elev0.0
2025,16,CLE,BUF,0.3019801248138572,0,1407.647009472853,1568.3017871029394,k25_hfa20_elev0.0
2025,16,DAL,LAC,0.3866770563030835,0,1469.8320360318028,1569.3022119300451,k25_hfa20_elev0.0
2025,16,MIA,CIN,0.5620196881393292,0,1467.9794002227384,1452.761608174699,k25_hfa20_elev0.0
2025,16,NO,NYJ,0.5381261412150102,1,1463.0216553609298,1413.3836795630991,k25_hfa20_elev0.0
2025,16,NYG,MIN,0.3840130215272281,0,1390.6963467281748,1491.9872299814133,k25_hfa20_elev0.0
2025,16,TEN,KC,0.39137221847314013,1,1420.975834714729,1467.249156957767,k25_hfa20_elev0.0
2025,16,ARI,ATL,0.44170829214131907,0,1408.1287313432406,1470.904396011698,k25_hfa20_elev0.0
2025,16,DEN,JAX,0.5620687779090765,0,1589.7505725387946,1574.500590458921,k25_hfa20_elev0.0
2025,16,DET,PIT,0.4944295022065685,0,1505.8778277512197,1534.4702413478044,k25_hfa20_elev0.0
2025,16,HOU,LV,0.7101532577192194,1,1560.227880227574,1390.0620790550036,k25_hfa20_elev0.0
2025,16,BAL,NE,0.3868935261954447,0,1487.4834251670247,1586.8058770962418,k25_hfa20_elev0.0
2025,16,IND,SF,0.42900295134999333,0,1498.1137069172407,1569.2332878994703,k25_hfa20_elev0.0
2025,17,WAS,DAL,0.4361327025694447,0,1414.3054164892599,1480.735353596039,k25_hfa20_elev0.0
2025,17,MIN,DET,0.4800204670537686,1,1504.9867183050692,1492.8783394275638,k25_hfa20_elev0.0
2025,17,KC,DEN,0.33066590089119896,0,1458.982509435487,1598.0172200610746,k25_hfa20_elev0.0
2025,17,LAC,HOU,0.5130560444693486,0,1556.4758108183114,1573.0542813393076,k25_hfa20_elev0.0
2025,17,GB,BAL,0.5868737744862628,0,1533.796355834784,1502.1552695291814,k25_hfa20_elev0.0
2025,17,CAR,SEA,0.3814355316605249,0,1500.680576254306,1603.7378821921793,k25_hfa20_elev0.0
2025,17,CIN,ARI,0.5638808518790187,1,1463.6645868777234,1397.2257526402161,k25_hfa20_elev0.0
2025,17,CLE,PIT,0.32518305141855613,1,1424.517433187389,1517.5998176332682,k25_hfa20_elev0.0
2025,17,IND,JAX,0.39180810707706176,0,1488.3185042403143,1584.2957931358474,k25_hfa20_elev0.0
2025,17,MIA,TB,0.4888192526583466,1,1480.7589189062796,1462.9703558838544,k25_hfa20_elev0.0
2025,17,NYJ,NE,0.26927610438144667,0,1406.651776953563,1593.537779705778,k25_hfa20_elev0.0
2025,17,TEN,NO,0.43978486890069063,0,1409.9812129922118,1474.016277083447,k25_hfa20_elev0.0
2025,17,LV,NYG,0.4990872164582541,0,1377.5848986435471,1403.1735271396312,k25_hfa20_elev0.0
2025,17,BUF,PHI,0.5362227517623017,0,1554.896218308882,1556.493036856174,k25_hfa20_elev0.0
2025,17,SF,CHI,0.4939790419549278,1,1581.883811850597,1560.7667563608566,k25_hfa20_elev0.0
2025,17,ATL,LAR,0.3598699981301489,1,1486.9076460584442,1554.9501622594123,k25_hfa20_elev0.0
2025,18,TB,CAR,0.4459427406134929,1,1476.821787368517,1486.8291447696433,k25_hfa20_elev0.0
2025,18,SF,SEA,0.4685908775747705,0,1570.1690399112279,1615.4526541315486,k25_hfa20_elev0.0
2025,18,ATL,NO,0.5185436621639552,1,1498.9440545043453,1461.979868637546,k25_hfa20_elev0.0
2025,18,CIN,CLE,0.5561000762646122,0,1449.7620849711082,1438.4199350940044,k25_hfa20_elev0.0
2025,18,HOU,IND,0.6195829272491616,1,1582.5647081580787,1478.8080774215432,k25_hfa20_elev0.0
2025,18,JAX,TEN,0.7317334798002469,1,1591.002456140841,1403.274549987218,k25_hfa20_elev0.0
2025,18,MIN,GB,0.45863436347643166,1,1518.5208592181584,1520.2622149216947,k25_hfa20_elev0.0
2025,18,NYG,DAL,0.39019758318337333,1,1418.418587560047,1465.4902931756233,k25_hfa20_elev0.0
2025,18,BUF,NYJ,0.7012722583912863,1,1562.3644118491,1399.183583413345,k25_hfa20_elev0.0
2025,18,CHI,DET,0.5964745802782797,0,1545.8548918538995,1507.7902039345208,k25_hfa20_elev0.0
2025,18,DEN,LAC,0.5594996282857075,1,1609.0297293539318,1545.4633015254542,k25_hfa20_elev0.0
2025,18,LAR,ARI,0.7125773497711491,1,1562.1357285151337,1390.0401863844947,k25_hfa20_elev0.0
2025,18,LV,KC,0.3849565812302965,1,1392.9609841127897,1443.6064239662444,k25_hfa20_elev0.0
2025,18,NE,MIA,0.656831809388359,1,1602.116984471069,1472.1797141409886,k25_hfa20_elev0.0
2025,18,PHI,WAS,0.6939173584934694,0,1539.1451028938372,1431.6533504515967,k25_hfa20_elev0.0
2025,18,PIT,BAL,0.5222118626077721,1,1529.544521068074,1490.2105660943757,k25_hfa20_elev0.0
2025,19,CAR,LAR,0.3932909834081652,0,1476.996870184439,1571.968003100338,k25_hfa20_elev0.0
2025,19,CHI,GB,0.5367643518637443,1,1557.4357830573058,1508.6813237182885,k25_hfa20_elev0.0
2025,19,JAX,BUF,0.5411203741913436,0,1577.4744467860576,1575.8924212038835,k25_hfa20_elev0.0
2025,19,PHI,SF,0.4554712517865857,0,1527.7583215991726,1581.5558212058925,k25_hfa20_elev0.0
2025,19,NE,LAC,0.5808161868704136,1,1612.5965797993085,1534.9837061972146,k25_hfa20_elev0.0
2025,19,PIT,HOU,0.4242846620045509,0,1518.9374045179602,1593.1718247081924,k25_hfa20_elev0.0
2025,20,DEN,BUF,0.5475443410148129,1,1620.3411208285615,1564.5810297292537,k25_hfa20_elev0.0
2025,20,SEA,SF,0.548627275045909,1,1626.7369722554008,1570.2715030820402,k25_hfa20_elev0.0
2025,20,NE,HOU,0.5279253792819665,1,1624.3984453172593,1581.3699591902416,k25_hfa20_elev0.0
2025,20,CHI,LAR,0.47909864181839806,0,1545.4583170118458,1583.945469145798,k25_hfa20_elev0.0
2025,21,DEN,NE,0.49416130610931447,0,1607.9870881758286,1636.7524779699922,k25_hfa20_elev0.0
2025,21,SEA,LAR,0.5612724155356358,1,1637.70516186701,1572.9772795341887,k25_hfa20_elev0.0
2025,22,NE,SEA,0.498628981098886,0,1624.2867534425202,1650.170886394482,k25_hfa20_elev0.0
