label,k,home_field.value,elevation_edge.value,accuracy,log_loss,brier
k30_hfa35_elev4.0,30,35,4.0,0.6526315789473685,0.6475698397505772,0.22798694172178183
k30_hfa35_elev6.0,30,35,6.0,0.6526315789473685,0.6475698397505772,0.22798694172178183
k30_hfa35_elev8.0,30,35,8.0,0.6526315789473685,0.6475698397505772,0.22798694172178183
k30_hfa35_elev10.0,30,35,10.0,0.6526315789473685,0.6475698397505772,0.22798694172178183
k30_hfa50_elev0.0,30,50,0.0,0.6526315789473685,0.6475698397505772,0.22798694172178183
k30_hfa50_elev2.0,30,50,2.0,0.6526315789473685,0.6475698397505772,0.22798694172178183
k30_hfa65_elev8.0,30,65,8.0,0.6526315789473685,0.6475698397505772,0.22798694172178183
k30_hfa65_elev10.0,30,65,10.0,0.6526315789473685,0.6475698397505772,0.22798694172178183
k30_hfa80_elev0.0,30,80,0.0,0.6526315789473685,0.6475698397505772,0.22798694172178183
k30_hfa80_elev2.0,30,80,2.0,0.6526315789473685,0.6475698397505772,0.22798694172178183
k30_hfa65_elev0.0,30,65,0.0,0.6526315789473685,0.6475698397505772,0.22798694172178183
k30_hfa65_elev2.0,30,65,2.0,0.6526315789473685,0.6475698397505772,0.22798694172178183
k30_hfa65_elev4.0,30,65,4.0,0.6526315789473685,0.6475698397505772,0.22798694172178183
k30_hfa65_elev6.0,30,65,6.0,0.6526315789473685,0.6475698397505772,0.22798694172178183
k30_hfa80_elev4.0,30,80,4.0,0.6526315789473685,0.6475698397505772,0.22798694172178183
k30_hfa80_elev6.0,30,80,6.0,0.6526315789473685,0.6475698397505772,0.22798694172178183
k30_hfa80_elev8.0,30,80,8.0,0.6526315789473685,0.6475698397505772,0.22798694172178183
k30_hfa80_elev10.0,30,80,10.0,0.6526315789473685,0.6475698397505772,0.22798694172178183
k30_hfa20_elev2.0,30,20,2.0,0.6526315789473685,0.6475698397505772,0.22798694172178183
k30_hfa20_elev0.0,30,20,0.0,0.6526315789473685,0.6475698397505772,0.22798694172178183
k25_hfa80_elev10.0,25,80,10.0,0.6526315789473685,0.6518660111690108,0.22991370507647116
k25_hfa80_elev8.0,25,80,8.0,0.6526315789473685,0.6518660111690108,0.22991370507647116
k25_hfa50_elev0.0,25,50,0.0,0.6526315789473685,0.6518660111690108,0.22991370507647116
k25_hfa50_elev2.0,25,50,2.0,0.6526315789473685,0.6518660111690108,0.22991370507647116
k25_hfa50_elev4.0,25,50,4.0,0.6526315789473685,0.6518660111690108,0.22991370507647116
k25_hfa50_elev6.0,25,50,6.0,0.6526315789473685,0.6518660111690108,0.22991370507647116
k25_hfa80_elev6.0,25,80,6.0,0.6526315789473685,0.6518660111690108,0.22991370507647116
k25_hfa80_elev4.0,25,80,4.0,0.6526315789473685,0.6518660111690108,0.22991370507647116
k25_hfa80_elev2.0,25,80,2.0,0.6526315789473685,0.6518660111690108,0.22991370507647116
k25_hfa80_elev0.0,25,80,0.0,0.6526315789473685,0.6518660111690108,0.22991370507647116
k25_hfa65_elev2.0,25,65,2.0,0.6526315789473685,0.6518660111690108,0.22991370507647116
k25_hfa65_elev0.0,25,65,0.0,0.6526315789473685,0.6518660111690108,0.22991370507647116
k25_hfa50_elev10.0,25,50,10.0,0.6526315789473685,0.6518660111690108,0.22991370507647116
k25_hfa50_elev8.0,25,50,8.0,0.6526315789473685,0.6518660111690108,0.22991370507647116
k25_hfa65_elev10.0,25,65,10.0,0.6526315789473685,0.6518660111690108,0.22991370507647116
k25_hfa65_elev8.0,25,65,8.0,0.6526315789473685,0.6518660111690108,0.22991370507647116
k25_hfa65_elev6.0,25,65,6.0,0.6526315789473685,0.6518660111690108,0.22991370507647116
k25_hfa65_elev4.0,25,65,4.0,0.6526315789473685,0.6518660111690108,0.22991370507647116
k25_hfa20_elev8.0,25,20,8.0,0.6526315789473685,0.6518660111690108,0.22991370507647116
k25_hfa20_elev10.0,25,20,10.0,0.6526315789473685,0.6518660111690108,0.22991370507647116
k25_hfa35_elev0.0,25,35,0.0,0.6526315789473685,0.6518660111690108,0.22991370507647116
k25_hfa35_elev2.0,25,35,2.0,0.6526315789473685,0.6518660111690108,0.22991370507647116
k25_hfa35_elev10.0,25,35,10.0,0.6526315789473685,0.6518660111690108,0.22991370507647116
k25_hfa35_elev8.0,25,35,8.0,0.6526315789473685,0.6518660111690108,0.22991370507647116
k30_hfa35_elev2.0,30,35,2.0,0.6526315789473685,0.6475698397505772,0.22798694172178183
k30_hfa35_elev0.0,30,35,0.0,0.6526315789473685,0.6475698397505772,0.22798694172178183
k30_hfa20_elev10.0,30,20,10.0,0.6526315789473685,0.6475698397505772,0.22798694172178183
k30_hfa20_elev8.0,30,20,8.0,0.6526315789473685,0.6475698397505772,0.22798694172178183
k30_hfa20_elev6.0,30,20,6.0,0.6526315789473685,0.6475698397505772,0.22798694172178183
k30_hfa20_elev4.0,30,20,4.0,0.6526315789473685,0.6475698397505772,0.22798694172178183
k30_hfa50_elev10.0,30,50,10.0,0.6526315789473685,0.6475698397505772,0.22798694172178183
k30_hfa50_elev8.0,30,50,8.0,0.6526315789473685,0.6475698397505772,0.22798694172178183
k30_hfa50_elev6.0,30,50,6.0,0.6526315789473685,0.6475698397505772,0.22798694172178183
k30_hfa50_elev4.0,30,50,4.0,0.6526315789473685,0.6475698397505772,0.22798694172178183
k25_hfa20_elev0.0,25,20,0.0,0.6526315789473685,0.6518660111690108,0.22991370507647116
k25_hfa20_elev2.0,25,20,2.0,0.6526315789473685,0.6518660111690108,0.22991370507647116
k25_hfa20_elev4.0,25,20,4.0,0.6526315789473685,0.6518660111690108,0.22991370507647116
k25_hfa20_elev6.0,25,20,6.0,0.6526315789473685,0.6518660111690108,0.22991370507647116
k25_hfa35_elev6.0,25,35,6.0,0.6526315789473685,0.6518660111690108,0.22991370507647116
k25_hfa35_elev4.0,25,35,4.0,0.6526315789473685,0.6518660111690108,0.22991370507647116
k10_hfa50_elev10.0,10,50,10.0,0.6491228070175439,0.6716932330897881,0.23934134400235896
k10_hfa50_elev8.0,10,50,8.0,0.6491228070175439,0.6716932330897881,0.23934134400235896
k10_hfa65_elev6.0,10,65,6.0,0.6491228070175439,0.6716932330897881,0.23934134400235896
k10_hfa65_elev4.0,10,65,4.0,0.6491228070175439,0.6716932330897881,0.23934134400235896
k10_hfa65_elev2.0,10,65,2.0,0.6491228070175439,0.6716932330897881,0.23934134400235896
k10_hfa65_elev0.0,10,65,0.0,0.6491228070175439,0.6716932330897881,0.23934134400235896
k10_hfa35_elev6.0,10,35,6.0,0.6491228070175439,0.6716932330897881,0.23934134400235896
k10_hfa35_elev4.0,10,35,4.0,0.6491228070175439,0.6716932330897881,0.23934134400235896
k10_hfa35_elev2.0,10,35,2.0,0.6491228070175439,0.6716932330897881,0.23934134400235896
k10_hfa35_elev0.0,10,35,0.0,0.6491228070175439,0.6716932330897881,0.23934134400235896
k10_hfa20_elev10.0,10,20,10.0,0.6491228070175439,0.6716932330897881,0.23934134400235896
k10_hfa20_elev8.0,10,20,8.0,0.6491228070175439,0.6716932330897881,0.23934134400235896
k10_hfa20_elev6.0,10,20,6.0,0.6491228070175439,0.6716932330897881,0.23934134400235896
k10_hfa20_elev4.0,10,20,4.0,0.6491228070175439,0.6716932330897881,0.23934134400235896
k10_hfa20_elev2.0,10,20,2.0,0.6491228070175439,0.6716932330897881,0.23934134400235896
k10_hfa20_elev0.0,10,20,0.0,0.6491228070175439,0.6716932330897881,0.23934134400235896
k10_hfa50_elev6.0,10,50,6.0,0.6491228070175439,0.6716932330897881,0.23934134400235896
k10_hfa50_elev4.0,10,50,4.0,0.6491228070175439,0.6716932330897881,0.23934134400235896
k10_hfa50_elev2.0,10,50,2.0,0.6491228070175439,0.6716932330897881,0.23934134400235896
k10_hfa50_elev0.0,10,50,0.0,0.6491228070175439,0.6716932330897881,0.23934134400235896
k10_hfa35_elev10.0,10,35,10.0,0.6491228070175439,0.6716932330897881,0.23934134400235896
k10_hfa35_elev8.0,10,35,8.0,0.6491228070175439,0.6716932330897881,0.23934134400235896
k10_hfa65_elev8.0,10,65,8.0,0.6491228070175439,0.6716932330897881,0.23934134400235896
k10_hfa65_elev10.0,10,65,10.0,0.6491228070175439,0.6716932330897881,0.23934134400235896
k10_hfa80_elev0.0,10,80,0.0,0.6491228070175439,0.6716932330897881,0.23934134400235896
k10_hfa80_elev2.0,10,80,2.0,0.6491228070175439,0.6716932330897881,0.23934134400235896
k20_hfa80_elev2.0,20,80,2.0,0.6491228070175439,0.6571847770230538,0.2323706736798175
k20_hfa80_elev0.0,20,80,0.0,0.6491228070175439,0.6571847770230538,0.2323706736798175
k20_hfa65_elev10.0,20,65,10.0,0.6491228070175439,0.6571847770230538,0.2323706736798175
k20_hfa65_elev8.0,20,65,8.0,0.6491228070175439,0.6571847770230538,0.2323706736798175
k20_hfa65_elev6.0,20,65,6.0,0.6491228070175439,0.6571847770230538,0.2323706736798175
k20_hfa65_elev4.0,20,65,4.0,0.6491228070175439,0.6571847770230538,0.2323706736798175
k20_hfa65_elev2.0,20,65,2.0,0.6491228070175439,0.6571847770230538,0.2323706736798175
k20_hfa65_elev0.0,20,65,0.0,0.6491228070175439,0.6571847770230538,0.2323706736798175
k20_hfa50_elev10.0,20,50,10.0,0.6491228070175439,0.6571847770230538,0.2323706736798175
k20_hfa50_elev8.0,20,50,8.0,0.6491228070175439,0.6571847770230538,0.2323706736798175
k20_hfa50_elev6.0,20,50,6.0,0.6491228070175439,0.6571847770230538,0.2323706736798175
k20_hfa50_elev4.0,20,50,4.0,0.6491228070175439,0.6571847770230538,0.2323706736798175
k20_hfa50_elev2.0,20,50,2.0,0.6491228070175439,0.6571847770230538,0.2323706736798175
k20_hfa50_elev0.0,20,50,0.0,0.6491228070175439,0.6571847770230538,0.2323706736798175
k20_hfa35_elev10.0,20,35,10.0,0.6491228070175439,0.6571847770230538,0.2323706736798175
k20_hfa35_elev8.0,20,35,8.0,0.6491228070175439,0.6571847770230538,0.2323706736798175
k20_hfa35_elev6.0,20,35,6.0,0.6491228070175439,0.6571847770230538,0.2323706736798175
k20_hfa35_elev4.0,20,35,4.0,0.6491228070175439,0.6571847770230538,0.2323706736798175
k20_hfa35_elev2.0,20,35,2.0,0.6491228070175439,0.6571847770230538,0.2323706736798175
k20_hfa35_elev0.0,20,35,0.0,0.6491228070175439,0.6571847770230538,0.2323706736798175
k20_hfa20_elev10.0,20,20,10.0,0.6491228070175439,0.6571847770230538,0.2323706736798175
k20_hfa20_elev8.0,20,20,8.0,0.6491228070175439,0.6571847770230538,0.2323706736798175
k20_hfa20_elev6.0,20,20,6.0,0.6491228070175439,0.6571847770230538,0.2323706736798175
k20_hfa20_elev4.0,20,20,4.0,0.6491228070175439,0.6571847770230538,0.2323706736798175
k20_hfa20_elev2.0,20,20,2.0,0.6491228070175439,0.6571847770230538,0.2323706736798175
k20_hfa20_elev0.0,20,20,0.0,0.6491228070175439,0.6571847770230538,0.2323706736798175
k15_hfa80_elev10.0,15,80,10.0,0.6491228070175439,0.6637165773930628,0.23546944460869804
k15_hfa80_elev8.0,15,80,8.0,0.6491228070175439,0.6637165773930628,0.23546944460869804
k15_hfa80_elev6.0,15,80,6.0,0.6491228070175439,0.6637165773930628,0.23546944460869804
k15_hfa80_elev4.0,15,80,4.0,0.6491228070175439,0.6637165773930628,0.23546944460869804
k15_hfa80_elev2.0,15,80,2.0,0.6491228070175439,0.6637165773930628,0.23546944460869804
k15_hfa80_elev0.0,15,80,0.0,0.6491228070175439,0.6637165773930628,0.23546944460869804
k15_hfa65_elev10.0,15,65,10.0,0.6491228070175439,0.6637165773930628,0.23546944460869804
k15_hfa65_elev8.0,15,65,8.0,0.6491228070175439,0.6637165773930628,0.23546944460869804
k15_hfa65_elev6.0,15,65,6.0,0.6491228070175439,0.6637165773930628,0.23546944460869804
k15_hfa65_elev4.0,15,65,4.0,0.6491228070175439,0.6637165773930628,0.23546944460869804
k15_hfa65_elev2.0,15,65,2.0,0.6491228070175439,0.6637165773930628,0.23546944460869804
k15_hfa65_elev0.0,15,65,0.0,0.6491228070175439,0.6637165773930628,0.23546944460869804
k15_hfa50_elev10.0,15,50,10.0,0.6491228070175439,0.6637165773930628,0.23546944460869804
k15_hfa50_elev8.0,15,50,8.0,0.6491228070175439,0.6637165773930628,0.23546944460869804
k15_hfa50_elev6.0,15,50,6.0,0.6491228070175439,0.6637165773930628,0.23546944460869804
k15_hfa50_elev4.0,15,50,4.0,0.6491228070175439,0.6637165773930628,0.23546944460869804
k15_hfa50_elev2.0,15,50,2.0,0.6491228070175439,0.6637165773930628,0.23546944460869804
k15_hfa50_elev0.0,15,50,0.0,0.6491228070175439,0.6637165773930628,0.23546944460869804
k15_hfa35_elev10.0,15,35,10.0,0.6491228070175439,0.6637165773930628,0.23546944460869804
k15_hfa35_elev8.0,15,35,8.0,0.6491228070175439,0.6637165773930628,0.23546944460869804
k15_hfa35_elev6.0,15,35,6.0,0.6491228070175439,0.6637165773930628,0.23546944460869804
k15_hfa35_elev4.0,15,35,4.0,0.6491228070175439,0.6637165773930628,0.23546944460869804
k15_hfa35_elev2.0,15,35,2.0,0.6491228070175439,0.6637165773930628,0.23546944460869804
k15_hfa35_elev0.0,15,35,0.0,0.6491228070175439,0.6637165773930628,0.23546944460869804
k15_hfa20_elev10.0,15,20,10.0,0.6491228070175439,0.6637165773930628,0.23546944460869804
k15_hfa20_elev8.0,15,20,8.0,0.6491228070175439,0.6637165773930628,0.23546944460869804
k15_hfa20_elev6.0,15,20,6.0,0.6491228070175439,0.6637165773930628,0.23546944460869804
k15_hfa20_elev4.0,15,20,4.0,0.6491228070175439,0.6637165773930628,0.23546944460869804
k15_hfa20_elev2.0,15,20,2.0,0.6491228070175439,0.6637165773930628,0.23546944460869804
k15_hfa20_elev0.0,15,20,0.0,0.6491228070175439,0.6637165773930628,0.23546944460869804
k10_hfa80_elev10.0,10,80,10.0,0.6491228070175439,0.6716932330897881,0.23934134400235896
k10_hfa80_elev8.0,10,80,8.0,0.6491228070175439,0.6716932330897881,0.23934134400235896
k10_hfa80_elev6.0,10,80,6.0,0.6491228070175439,0.6716932330897881,0.23934134400235896
k10_hfa80_elev4.0,10,80,4.0,0.6491228070175439,0.6716932330897881,0.23934134400235896
k20_hfa80_elev4.0,20,80,4.0,0.6491228070175439,0.6571847770230538,0.2323706736798175
k20_hfa80_elev6.0,20,80,6.0,0.6491228070175439,0.6571847770230538,0.2323706736798175
k20_hfa80_elev8.0,20,80,8.0,0.6491228070175439,0.6571847770230538,0.2323706736798175
k20_hfa80_elev10.0,20,80,10.0,0.6491228070175439,0.6571847770230538,0.2323706736798175
